"","metodologia","mse","accuracy","n","seed"
"1","Lasso",3.64120863929218,0.9,1226,1
"2","Ada Lasso",3.63102027247413,0.9,1415,1
"3","Local prior",3.64348943910379,0.96,2628,1
"4","Non local",3.8165969984345,0.94,3680,1
"5","Lasso mod 10000",3.61836773964702,0.82,1022,1
"6","Lasso mod 200",3.61836773964702,0.82,1022,1
"7","Lasso mod 100",4.08424719948159,0.9,6133,1
"8","Lasso mod 50",3.6339844868781,0.8,876,1
"9","Naive",3.86124819274049,0.1,200,1
"10","Oracle",3.56318092445536,1,1672,1
"11","Lasso",18.3716910661581,0.88,2044,2
"12","Ada Lasso",18.2848889367292,0.92,2628,2
"13","Local prior",18.7715483248821,0.9,3066,2
"14","Non local",18.7343555692762,0.94,9200,2
"15","Lasso mod 10000",18.4018898805057,0.84,1672,2
"16","Lasso mod 200",18.2912430963363,0.92,3680,2
"17","Lasso mod 100",18.2912430963363,0.92,3680,2
"18","Lasso mod 50",18.2912430963363,0.92,3680,2
"19","Naive",21.8376469083354,0.1,200,2
"20","Oracle",17.500365407544,1,2628,2
"21","Lasso",10.1220121462915,0.68,613,3
"22","Ada Lasso",9.90641859819395,0.82,1415,3
"23","Local prior",9.93040321664425,0.86,3680,3
"24","Non local",9.88993855131952,0.92,18400,3
"25","Lasso mod 10000",9.83186130067206,0.84,2044,3
"26","Lasso mod 200",9.7972918395514,0.86,2628,3
"27","Lasso mod 100",9.7972918395514,0.86,2628,3
"28","Lasso mod 50",9.83186130067206,0.84,2044,3
"29","Naive",10.9855916799896,0.1,200,3
"30","Oracle",9.68514871179522,1,2044,3
"31","Lasso",8.46926448426318,0.68,484,4
"32","Ada Lasso",8.15338816842942,0.88,920,4
"33","Local prior",8.09041821390674,0.94,2300,4
"34","Non local",8.34662481527821,0.96,3066,4
"35","Lasso mod 10000",8.27853080281307,0.78,766,4
"36","Lasso mod 200",8.17671581150989,0.8,836,4
"37","Lasso mod 100",8.42454263832507,0.9,2044,4
"38","Lasso mod 50",8.27853080281307,0.78,766,4
"39","Naive",9.50596564561445,0.1,200,4
"40","Oracle",7.98447368687028,1,1840,4
"41","Lasso",18.2906804454756,0.9,2628,5
"42","Ada Lasso",18.2557245158126,0.92,3680,5
"43","Local prior",18.2944735523505,0.94,6133,5
"44","Non local",19.3655956468668,0.9,6133,5
"45","Lasso mod 10000",18.2593897164965,0.96,4600,5
"46","Lasso mod 200",18.2593897164965,0.96,4600,5
"47","Lasso mod 100",18.2593897164965,0.96,4600,5
"48","Lasso mod 50",18.2593897164965,0.96,4600,5
"49","Naive",19.5640192718131,0.1,200,5
"50","Oracle",18.1127865628278,1,1840,5
"51","Lasso",24.1267295942905,0.84,836,6
"52","Ada Lasso",23.9541884417228,0.94,1533,6
"53","Local prior",23.9541884417228,0.94,1533,6
"54","Non local",24.6100374508149,0.98,2300,6
"55","Lasso mod 10000",23.9949496152992,0.8,876,6
"56","Lasso mod 200",23.9807060018813,0.82,1022,6
"57","Lasso mod 100",23.9807060018813,0.82,1022,6
"58","Lasso mod 50",23.9949496152992,0.8,876,6
"59","Naive",26.6939292406173,0.1,200,6
"60","Oracle",23.7012617807067,1,2044,6
"61","Lasso",17.575337566242,0.92,2300,7
"62","Ada Lasso",17.4943059018883,0.94,2628,7
"63","Local prior",17.4943059018883,0.94,2628,7
"64","Non local",18.9429238532566,0.94,4600,7
"65","Lasso mod 10000",17.5998666110074,0.84,1415,7
"66","Lasso mod 200",17.6419047929261,0.86,1672,7
"67","Lasso mod 100",17.6419047929261,0.86,1672,7
"68","Lasso mod 50",17.7634932597127,0.78,1022,7
"69","Naive",21.3229637555913,0.1,200,7
"70","Oracle",17.5646258797891,1,1840,7
"71","Lasso",7.47728955727915,0.72,541,8
"72","Ada Lasso",7.63260391092638,0.94,6133,8
"73","Local prior",7.62768777295798,0.9,3066,8
"74","Non local",7.63260391092638,0.94,6133,8
"75","Lasso mod 10000",7.44508975104216,0.74,707,8
"76","Lasso mod 200",7.2829419060672,0.9,1672,8
"77","Lasso mod 100",8.33823537698249,0.92,18400,8
"78","Lasso mod 50",7.47163393259453,0.72,657,8
"79","Naive",8.56575238902625,0.1,200,8
"80","Oracle",7.09855972309541,1,2044,8
"81","Lasso",9.2217996070693,0.86,1082,9
"82","Ada Lasso",9.17275004903423,0.94,1533,9
"83","Local prior",9.17204032323493,0.96,2044,9
"84","Non local",9.17204032323493,0.96,2044,9
"85","Lasso mod 10000",9.35844664928272,0.72,766,9
"86","Lasso mod 200",9.373220820678,0.76,836,9
"87","Lasso mod 100",9.59841901892786,0.96,4600,9
"88","Lasso mod 50",9.35844664928272,0.72,766,9
"89","Naive",10.4657971260154,0.1,200,9
"90","Oracle",9.15789963428614,1,2300,9
"91","Lasso",4.74760854505795,0.86,1672,10
"92","Ada Lasso",4.78245036025027,0.92,18400,10
"93","Local prior",4.78245036025027,0.92,18400,10
"94","Non local",4.78245036025027,0.92,18400,10
"95","Lasso mod 10000",4.75239372459436,0.88,3680,10
"96","Lasso mod 200",4.74883927606417,0.9,4600,10
"97","Lasso mod 100",4.78245036025027,0.92,18400,10
"98","Lasso mod 50",4.75239372459436,0.88,3680,10
"99","Naive",5.66554353850894,0.1,200,10
"100","Oracle",4.61817298961026,1,2044,10
"101","Lasso",22.0338626634246,0.74,707,11
"102","Ada Lasso",22.8233303703131,0.92,2628,11
"103","Local prior",22.8372800902617,0.94,4600,11
"104","Non local",22.8372800902617,0.94,4600,11
"105","Lasso mod 10000",22.0003824910637,0.82,1314,11
"106","Lasso mod 200",22.0003824910637,0.82,1314,11
"107","Lasso mod 100",22.0003824910637,0.82,1314,11
"108","Lasso mod 50",22.033692553013,0.76,1022,11
"109","Naive",25.6622053936868,0.1,200,11
"110","Oracle",21.4651155610894,1,2628,11
"111","Lasso",4.27397524182582,0.8,766,12
"112","Ada Lasso",4.42559083294892,0.9,1672,12
"113","Local prior",4.43030901308239,0.9,1672,12
"114","Non local",4.80466543600287,0.92,18400,12
"115","Lasso mod 10000",4.45221133768887,0.84,2044,12
"116","Lasso mod 200",4.50211100583167,0.92,3680,12
"117","Lasso mod 100",4.50211100583167,0.92,3680,12
"118","Lasso mod 50",4.40423267832665,0.56,460,12
"119","Naive",4.75979013713919,0.1,200,12
"120","Oracle",4.2140066239583,1,2300,12
"121","Lasso",1.97780854987492,0.92,1082,13
"122","Ada Lasso",2.0026992705117,0.96,1533,13
"123","Local prior",2.00175458756226,0.98,2044,13
"124","Non local",2.00175458756226,0.98,2044,13
"125","Lasso mod 10000",1.98409108872496,0.78,766,13
"126","Lasso mod 200",1.98321572320267,0.86,920,13
"127","Lasso mod 100",1.98652363842278,0.9,1082,13
"128","Lasso mod 50",2.01451168161767,0.72,613,13
"129","Naive",2.2686693114325,0.1,200,13
"130","Oracle",1.98678912443668,1,1840,13
"131","Lasso",16.6295114291935,0.68,511,14
"132","Ada Lasso",16.618570671409,0.86,1150,14
"133","Local prior",16.5713056497917,0.9,1672,14
"134","Non local",16.9941067101722,0.96,3066,14
"135","Lasso mod 10000",16.1265130142348,0.78,920,14
"136","Lasso mod 200",16.1265130142348,0.78,920,14
"137","Lasso mod 100",16.1265130142348,0.78,920,14
"138","Lasso mod 50",16.45231960594,0.72,634,14
"139","Naive",18.4496501899817,0.1,200,14
"140","Oracle",15.9935330405566,1,2300,14
"141","Lasso",27.1914232980882,0.84,1840,15
"142","Ada Lasso",27.0437323573153,0.94,9200,15
"143","Local prior",27.0437323573153,0.94,9200,15
"144","Non local",27.0437323573153,0.94,9200,15
"145","Lasso mod 10000",27.180300858544,0.86,2300,15
"146","Lasso mod 200",27.180300858544,0.86,2300,15
"147","Lasso mod 100",27.180300858544,0.86,2300,15
"148","Lasso mod 50",27.180300858544,0.86,2300,15
"149","Naive",31.6650911025259,0.1,200,15
"150","Oracle",27.1148605033119,1,2628,15
"151","Lasso",16.62894572768,0.78,707,16
"152","Ada Lasso",16.3515597569966,0.94,1840,16
"153","Local prior",16.2725270256358,0.98,2300,16
"154","Non local",16.2725270256358,0.98,2300,16
"155","Lasso mod 10000",16.7307780010889,0.66,575,16
"156","Lasso mod 200",16.609349438332,0.68,634,16
"157","Lasso mod 100",17.2571874714643,0.8,1226,16
"158","Lasso mod 50",16.609349438332,0.68,634,16
"159","Naive",18.5437099400513,0.1,200,16
"160","Oracle",16.335240228803,1,1672,16
"161","Lasso",1.38192874088878,0.88,2044,17
"162","Ada Lasso",1.38193950232049,0.9,2300,17
"163","Local prior",1.38193950232049,0.9,2300,17
"164","Non local",1.38621434174083,0.94,3680,17
"165","Lasso mod 10000",1.38243106201401,0.8,1314,17
"166","Lasso mod 200",1.38243106201401,0.8,1314,17
"167","Lasso mod 100",1.6016951851577,0.9,6133,17
"168","Lasso mod 50",1.38243106201401,0.8,1314,17
"169","Naive",1.53423732507791,0.1,200,17
"170","Oracle",1.33869144830075,1,1672,17
"171","Lasso",7.59468385400905,0.88,1314,18
"172","Ada Lasso",7.89200647603786,0.94,6133,18
"173","Local prior",7.89200647603786,0.94,6133,18
"174","Non local",7.89200647603786,0.94,6133,18
"175","Lasso mod 10000",7.8043815886886,0.84,1672,18
"176","Lasso mod 200",7.78251856431509,0.88,2300,18
"177","Lasso mod 100",7.78251856431509,0.88,2300,18
"178","Lasso mod 50",7.8043815886886,0.84,1672,18
"179","Naive",9.33229092434495,0.1,200,18
"180","Oracle",7.56728826361506,1,2300,18
"181","Lasso",15.9381423257489,0.76,613,19
"182","Ada Lasso",17.086987648077,0.92,18400,19
"183","Local prior",17.0542982355578,0.86,1840,19
"184","Non local",17.086987648077,0.92,18400,19
"185","Lasso mod 10000",16.6839964459078,0.86,3066,19
"186","Lasso mod 200",16.6430968005672,0.92,6133,19
"187","Lasso mod 100",16.6430968005672,0.92,6133,19
"188","Lasso mod 50",16.6991743335431,0.84,2628,19
"189","Naive",17.2817230288206,0.1,200,19
"190","Oracle",14.9945215839815,1,1840,19
"191","Lasso",2.33542020144132,0.72,557,20
"192","Ada Lasso",2.30971019087188,0.88,1022,20
"193","Local prior",2.33168779447446,0.94,1672,20
"194","Non local",2.56190524269875,0.9,3680,20
"195","Lasso mod 10000",2.370480444881,0.84,1314,20
"196","Lasso mod 200",2.46453408401534,0.84,1672,20
"197","Lasso mod 100",2.46708195184733,0.86,2300,20
"198","Lasso mod 50",2.345045157033,0.72,613,20
"199","Naive",2.5886498728966,0.1,200,20
"200","Oracle",2.30115659726718,1,2300,20
"201","Lasso",8.20982507350147,0.74,593,21
"202","Ada Lasso",9.40636669322692,0.94,4600,21
"203","Local prior",8.32192075897501,0.96,2044,21
"204","Non local",10.1655246537364,0.92,9200,21
"205","Lasso mod 10000",8.68586821346292,0.84,2300,21
"206","Lasso mod 200",9.10245835119022,0.9,3680,21
"207","Lasso mod 100",9.10245835119022,0.9,3680,21
"208","Lasso mod 50",8.42812306122827,0.72,707,21
"209","Naive",9.19838781659255,0.1,200,21
"210","Oracle",7.98460533639403,1,2300,21
"211","Lasso",2.01669055333193,0.88,1840,22
"212","Ada Lasso",2.01154301590067,0.92,4600,22
"213","Local prior",2.0192467195235,0.88,1840,22
"214","Non local",2.06083409278641,0.92,18400,22
"215","Lasso mod 10000",2.01009019042376,0.86,2628,22
"216","Lasso mod 200",2.05843888852385,0.9,9200,22
"217","Lasso mod 100",2.05843888852385,0.9,9200,22
"218","Lasso mod 50",2.01009019042376,0.86,2628,22
"219","Naive",2.30985838407365,0.1,200,22
"220","Oracle",2.00882862292634,1,2628,22
"221","Lasso",5.01600444238633,0.82,1022,23
"222","Ada Lasso",5.00697181482318,0.88,1314,23
"223","Local prior",4.98911491067074,0.9,1533,23
"224","Non local",4.95626898752676,0.92,1840,23
"225","Lasso mod 10000",5.03533621231922,0.74,736,23
"226","Lasso mod 200",5.04956392455799,0.72,766,23
"227","Lasso mod 100",5.65767589106224,0.76,1840,23
"228","Lasso mod 50",5.03533621231922,0.74,736,23
"229","Naive",5.9885214814494,0.1,200,23
"230","Oracle",4.89594397947536,1,2044,23
"231","Lasso",9.18743492991826,0.9,1022,24
"232","Ada Lasso",9.12697823223764,0.94,1314,24
"233","Local prior",9.10582131857655,0.98,2044,24
"234","Non local",9.10582131857655,0.98,2044,24
"235","Lasso mod 10000",9.28752798481386,0.76,657,24
"236","Lasso mod 200",9.22584012915956,0.88,1022,24
"237","Lasso mod 100",9.99538408010929,0.9,1840,24
"238","Lasso mod 50",9.28752798481386,0.76,657,24
"239","Naive",10.5672340048515,0.1,200,24
"240","Oracle",9.09066193640678,1,1840,24
"241","Lasso",6.23116097954023,0.62,511,25
"242","Ada Lasso",6.0697993123086,0.88,1533,25
"243","Local prior",6.04620407718207,0.92,1840,25
"244","Non local",6.03914471376272,0.94,2300,25
"245","Lasso mod 10000",6.17149918730138,0.68,707,25
"246","Lasso mod 200",6.64836255603893,0.7,920,25
"247","Lasso mod 100",6.64836255603893,0.7,920,25
"248","Lasso mod 50",6.22899519881968,0.64,634,25
"249","Naive",7.08406093428474,0.1,200,25
"250","Oracle",6.03081778110551,1,1672,25
"251","Lasso",1.76183140970722,0.86,1314,26
"252","Ada Lasso",1.76096650442086,0.82,1022,26
"253","Local prior",2.03461009326268,0.92,4600,26
"254","Non local",2.05430475171903,0.92,18400,26
"255","Lasso mod 10000",1.76678013958851,0.88,1672,26
"256","Lasso mod 200",1.76678013958851,0.88,1672,26
"257","Lasso mod 100",1.9243344423849,0.9,3066,26
"258","Lasso mod 50",1.76534045404932,0.86,1533,26
"259","Naive",2.05993958019608,0.1,200,26
"260","Oracle",1.75754099555445,1,2300,26
"261","Lasso",1.56384273393318,0.74,836,27
"262","Ada Lasso",1.54557590984909,0.76,920,27
"263","Local prior",1.54924088028657,0.9,2628,27
"264","Non local",1.53969139129788,0.94,6133,27
"265","Lasso mod 10000",1.51560768359409,0.84,1672,27
"266","Lasso mod 200",1.52371106740289,0.86,2044,27
"267","Lasso mod 100",1.51781776833709,0.92,3066,27
"268","Lasso mod 50",1.51560768359409,0.84,1672,27
"269","Naive",1.6596931408966,0.1,200,27
"270","Oracle",1.47781932131345,1,2628,27
"271","Lasso",27.3595612815788,0.78,876,28
"272","Ada Lasso",27.2296200908203,0.82,1022,28
"273","Local prior",27.347390156275,0.92,3066,28
"274","Non local",27.5081816981998,0.94,3680,28
"275","Lasso mod 10000",27.3519394569746,0.72,800,28
"276","Lasso mod 200",27.3158641895648,0.78,920,28
"277","Lasso mod 100",27.3158641895648,0.78,920,28
"278","Lasso mod 50",27.3158641895648,0.78,920,28
"279","Naive",31.3046121675835,0.1,200,28
"280","Oracle",26.4219716043858,1,1672,28
"281","Lasso",4.50038307521282,0.78,836,29
"282","Ada Lasso",4.45068929942471,0.92,2628,29
"283","Local prior",4.45068929942471,0.92,2628,29
"284","Non local",4.76302248876655,0.92,9200,29
"285","Lasso mod 10000",4.51976036606991,0.7,707,29
"286","Lasso mod 200",4.72402087019489,0.76,1415,29
"287","Lasso mod 100",4.75351423393943,0.84,3066,29
"288","Lasso mod 50",4.52815131089531,0.68,681,29
"289","Naive",4.80682963566508,0.1,200,29
"290","Oracle",4.37531388334578,1,1533,29
"291","Lasso",3.33162368480591,0.84,1226,30
"292","Ada Lasso",3.64819386397452,0.92,4600,30
"293","Local prior",3.64819386397452,0.92,4600,30
"294","Non local",3.67389653420605,0.94,6133,30
"295","Lasso mod 10000",3.31752030955474,0.9,2628,30
"296","Lasso mod 200",3.31752030955474,0.9,2628,30
"297","Lasso mod 100",3.31752030955474,0.9,2628,30
"298","Lasso mod 50",3.31752030955474,0.9,2628,30
"299","Naive",3.79712448388076,0.1,200,30
"300","Oracle",3.33715412995724,1,2300,30
"301","Lasso",22.6692715251432,0.82,1082,31
"302","Ada Lasso",22.603863769691,0.94,3066,31
"303","Local prior",22.5826882077604,0.96,3680,31
"304","Non local",22.5826882077604,0.96,3680,31
"305","Lasso mod 10000",22.8582339787641,0.78,1150,31
"306","Lasso mod 200",22.8516125227093,0.84,1672,31
"307","Lasso mod 100",22.8516125227093,0.84,1672,31
"308","Lasso mod 50",22.8582339787641,0.78,1150,31
"309","Naive",24.9449148327909,0.1,200,31
"310","Oracle",22.4720771673862,1,2300,31
"311","Lasso",15.2183585573051,0.9,1415,32
"312","Ada Lasso",15.1418361134302,0.96,4600,32
"313","Local prior",15.1418361134302,0.96,4600,32
"314","Non local",17.1114942218822,0.94,9200,32
"315","Lasso mod 10000",15.1589085563634,0.9,2628,32
"316","Lasso mod 200",15.1338991052755,0.94,3680,32
"317","Lasso mod 100",15.1338991052755,0.94,3680,32
"318","Lasso mod 50",15.1589085563634,0.9,2628,32
"319","Naive",16.9133209543396,0.1,200,32
"320","Oracle",14.8500833811427,1,2300,32
"321","Lasso",2.89083064836561,0.7,593,33
"322","Ada Lasso",2.89723274617881,0.78,836,33
"323","Local prior",3.05265073393022,0.88,2300,33
"324","Non local",3.68539689471959,0.88,9200,33
"325","Lasso mod 10000",2.92064291940862,0.78,1082,33
"326","Lasso mod 200",2.94242955675279,0.88,1840,33
"327","Lasso mod 100",4.02803237030155,0.9,Inf,33
"328","Lasso mod 50",2.916025511502,0.72,876,33
"329","Naive",3.27249539894083,0.1,200,33
"330","Oracle",2.77249619620076,1,2300,33
"331","Lasso",8.05418447443065,0.84,766,34
"332","Ada Lasso",8.09308682180662,0.98,2628,34
"333","Local prior",8.09308682180662,0.98,2628,34
"334","Non local",8.09308682180662,0.98,2628,34
"335","Lasso mod 10000",8.14956412148183,0.74,876,34
"336","Lasso mod 200",8.11093695084403,0.78,1022,34
"337","Lasso mod 100",8.11093695084403,0.78,1022,34
"338","Lasso mod 50",8.14956412148183,0.74,876,34
"339","Naive",8.63898223749697,0.1,200,34
"340","Oracle",7.9939460585583,1,1840,34
"341","Lasso",6.41830608291923,0.84,968,35
"342","Ada Lasso",6.61380576560166,0.9,2628,35
"343","Local prior",6.60720825848401,0.92,3066,35
"344","Non local",6.60720825848401,0.92,3066,35
"345","Lasso mod 10000",6.30792006000044,0.92,1533,35
"346","Lasso mod 200",6.57886995066017,0.94,3680,35
"347","Lasso mod 100",6.57886995066017,0.94,3680,35
"348","Lasso mod 50",6.32313040102886,0.88,1314,35
"349","Naive",7.34721367179349,0.1,200,35
"350","Oracle",6.25783583127622,1,2628,35
"351","Lasso",12.2309478312407,0.82,876,36
"352","Ada Lasso",12.0996933077051,0.9,1226,36
"353","Local prior",12.0033511953605,0.96,2044,36
"354","Non local",12.0033511953605,0.96,2044,36
"355","Lasso mod 10000",12.207617342586,0.82,1022,36
"356","Lasso mod 200",12.1148099328453,0.86,1150,36
"357","Lasso mod 100",12.1148099328453,0.86,1150,36
"358","Lasso mod 50",12.4042893189174,0.6,541,36
"359","Naive",14.4573553138147,0.1,200,36
"360","Oracle",12.0038907509198,1,1840,36
"361","Lasso",7.663221963092,0.88,1314,37
"362","Ada Lasso",8.57052916335572,0.92,3680,37
"363","Local prior",7.80181248226301,0.96,3680,37
"364","Non local",7.80181248226301,0.96,3680,37
"365","Lasso mod 10000",7.48437770093482,0.88,1226,37
"366","Lasso mod 200",9.23136998673196,0.92,18400,37
"367","Lasso mod 100",9.23136998673196,0.92,18400,37
"368","Lasso mod 50",7.48023937957911,0.9,1314,37
"369","Naive",8.57308262642307,0.1,200,37
"370","Oracle",7.41861505398603,1,2628,37
"371","Lasso",7.10638146896221,0.7,681,38
"372","Ada Lasso",6.95891927065869,0.9,1840,38
"373","Local prior",6.97989908448658,0.94,3066,38
"374","Non local",7.1665910945274,0.94,4600,38
"375","Lasso mod 10000",7.07615131951746,0.72,836,38
"376","Lasso mod 200",6.98809913439251,0.84,1415,38
"377","Lasso mod 100",6.98809913439251,0.84,1415,38
"378","Lasso mod 50",7.11230216079146,0.74,876,38
"379","Naive",8.00379645994022,0.1,200,38
"380","Oracle",6.91333758878895,1,2300,38
"381","Lasso",4.29920671882991,0.78,800,39
"382","Ada Lasso",4.24005308250505,0.9,1415,39
"383","Local prior",4.23084070044524,0.9,1415,39
"384","Non local",4.51590012828896,0.92,2300,39
"385","Lasso mod 10000",4.31409249308463,0.7,657,39
"386","Lasso mod 200",4.26374574857273,0.84,1082,39
"387","Lasso mod 100",5.38373066968183,0.9,6133,39
"388","Lasso mod 50",4.31409249308463,0.7,657,39
"389","Naive",4.89249679806362,0.1,200,39
"390","Oracle",4.19863206476563,1,1672,39
"391","Lasso",4.38999381045474,0.7,511,40
"392","Ada Lasso",4.2942288735906,0.98,3066,40
"393","Local prior",4.29785394714815,0.94,2044,40
"394","Non local",4.29785394714815,0.94,2044,40
"395","Lasso mod 10000",4.54932588962545,0.44,353,40
"396","Lasso mod 200",4.28741814279796,0.9,1672,40
"397","Lasso mod 100",4.4096225535749,0.94,3680,40
"398","Lasso mod 50",4.50895421181096,0.46,375,40
"399","Naive",5.1536789178393,0.1,200,40
"400","Oracle",4.228744366233,1,2300,40
"401","Lasso",15.7534484596877,0.84,968,41
"402","Ada Lasso",15.7305920934888,0.9,1672,41
"403","Local prior",15.74075763162,0.96,3066,41
"404","Non local",17.4548349232465,0.9,9200,41
"405","Lasso mod 10000",16.7789707132684,0.88,2628,41
"406","Lasso mod 200",16.7789707132684,0.88,2628,41
"407","Lasso mod 100",16.7789707132684,0.88,2628,41
"408","Lasso mod 50",16.7789707132684,0.88,2628,41
"409","Naive",18.5029529876258,0.1,200,41
"410","Oracle",15.5336764471812,1,2300,41
"411","Lasso",16.5707682172575,0.86,1415,42
"412","Ada Lasso",16.5622761693341,0.88,1533,42
"413","Local prior",16.4645633369139,0.96,3066,42
"414","Non local",16.9809916827934,0.94,4600,42
"415","Lasso mod 10000",16.4466644114234,0.74,920,42
"416","Lasso mod 200",16.4380456588583,0.84,1415,42
"417","Lasso mod 100",16.4380456588583,0.84,1415,42
"418","Lasso mod 50",16.480963247685,0.78,1022,42
"419","Naive",17.9346648965622,0.1,200,42
"420","Oracle",16.2156616070649,1,1840,42
"421","Lasso",25.365524480299,0.86,1150,43
"422","Ada Lasso",25.6607977414707,0.92,2300,43
"423","Local prior",25.5147496898501,0.96,4600,43
"424","Non local",26.9277646131489,0.92,9200,43
"425","Lasso mod 10000",25.6004943491829,0.84,1672,43
"426","Lasso mod 200",25.6004943491829,0.84,1672,43
"427","Lasso mod 100",25.6004943491829,0.84,1672,43
"428","Lasso mod 50",25.6004943491829,0.84,1672,43
"429","Naive",28.852845001253,0.1,200,43
"430","Oracle",25.2234557240575,1,2300,43
"431","Lasso",6.22492031984913,0.8,1082,44
"432","Ada Lasso",6.20234913826539,0.88,1672,44
"433","Local prior",6.20383156600242,0.9,1840,44
"434","Non local",6.73125834743531,0.92,6133,44
"435","Lasso mod 10000",6.20978477729119,0.86,2300,44
"436","Lasso mod 200",6.19670008391887,0.88,2628,44
"437","Lasso mod 100",6.19670008391887,0.88,2628,44
"438","Lasso mod 50",6.20978477729119,0.86,2300,44
"439","Naive",6.85200876376884,0.1,200,44
"440","Oracle",6.18021928422782,1,3066,44
"441","Lasso",8.99426548541486,0.82,1150,45
"442","Ada Lasso",9.66632464148757,0.94,3680,45
"443","Local prior",9.59022328744006,0.92,2628,45
"444","Non local",9.66632464148757,0.94,3680,45
"445","Lasso mod 10000",8.97283304872502,0.74,876,45
"446","Lasso mod 200",8.98964938012854,0.78,1082,45
"447","Lasso mod 100",8.98964938012854,0.78,1082,45
"448","Lasso mod 50",8.97283304872502,0.74,876,45
"449","Naive",10.4771550381278,0.1,200,45
"450","Oracle",8.93150457565224,1,2044,45
"451","Lasso",17.2618884966987,0.82,707,46
"452","Ada Lasso",17.3958812092095,0.78,876,46
"453","Local prior",17.9279512971451,0.86,1840,46
"454","Non local",17.9279512971451,0.86,1840,46
"455","Lasso mod 10000",17.8654553390622,0.6,541,46
"456","Lasso mod 200",17.8654553390622,0.6,541,46
"457","Lasso mod 100",17.5947973081567,0.7,681,46
"458","Lasso mod 50",17.8654553390622,0.6,541,46
"459","Naive",19.9980038759025,0.1,200,46
"460","Oracle",16.9749286675145,1,1415,46
"461","Lasso",8.62330003239062,0.8,1150,47
"462","Ada Lasso",8.54726435328109,0.92,3066,47
"463","Local prior",8.54726435328109,0.92,3066,47
"464","Non local",9.25502732530659,0.92,9200,47
"465","Lasso mod 10000",8.80981332215739,0.7,681,47
"466","Lasso mod 200",8.6021128413758,0.76,1226,47
"467","Lasso mod 100",9.69231742526502,0.8,3680,47
"468","Lasso mod 50",8.81107743730291,0.7,681,47
"469","Naive",9.70793357308117,0.1,200,47
"470","Oracle",8.52251326970933,1,1840,47
"471","Lasso",23.7945407212403,0.82,766,48
"472","Ada Lasso",23.4511865430315,0.88,1022,48
"473","Local prior",24.9262371114262,0.92,2044,48
"474","Non local",24.6832067461599,0.94,4600,48
"475","Lasso mod 10000",23.5166666729451,0.8,800,48
"476","Lasso mod 200",24.926038319502,0.88,1672,48
"477","Lasso mod 100",24.6632949262783,0.86,2044,48
"478","Lasso mod 50",23.5166666729451,0.8,800,48
"479","Naive",26.0037740708475,0.1,200,48
"480","Oracle",23.0095138472335,1,2044,48
"481","Lasso",8.09493312716596,0.9,3066,49
"482","Ada Lasso",8.43498071222564,0.94,6133,49
"483","Local prior",8.43498071222564,0.94,6133,49
"484","Non local",8.43498071222564,0.94,6133,49
"485","Lasso mod 10000",7.81672583581563,0.86,2044,49
"486","Lasso mod 200",7.77249836493992,0.94,3680,49
"487","Lasso mod 100",7.77249836493992,0.94,3680,49
"488","Lasso mod 50",7.82518040622537,0.84,1840,49
"489","Naive",8.68435597397199,0.1,200,49
"490","Oracle",7.78630872438414,1,2628,49
"491","Lasso",5.2809931222225,0.72,736,50
"492","Ada Lasso",5.2072386446125,0.92,2300,50
"493","Local prior",5.20881374685687,0.94,3066,50
"494","Non local",5.20866932004195,0.96,4600,50
"495","Lasso mod 10000",5.26378236115005,0.82,1150,50
"496","Lasso mod 200",5.20913563652061,0.9,1840,50
"497","Lasso mod 100",5.20913563652061,0.9,1840,50
"498","Lasso mod 50",5.26124509545592,0.68,707,50
"499","Naive",5.98177254707793,0.1,200,50
"500","Oracle",5.1954299275485,1,2628,50
"501","Lasso",11.7756807663653,0.86,1150,51
"502","Ada Lasso",11.7178551600849,0.92,2044,51
"503","Local prior",11.7178551600849,0.92,2044,51
"504","Non local",11.6847221449241,0.96,3066,51
"505","Lasso mod 10000",11.8787071242777,0.64,681,51
"506","Lasso mod 200",11.6439461472933,0.76,968,51
"507","Lasso mod 100",11.7188516665394,0.86,1415,51
"508","Lasso mod 50",11.8731041293316,0.66,707,51
"509","Naive",14.1244453661004,0.1,200,51
"510","Oracle",11.6019517717373,1,2300,51
"511","Lasso",1.46814011654688,0.72,634,52
"512","Ada Lasso",1.49639865306676,0.94,4600,52
"513","Local prior",1.48995081504379,0.9,2044,52
"514","Non local",1.56589721823856,0.92,9200,52
"515","Lasso mod 10000",1.43733017627424,0.84,1533,52
"516","Lasso mod 200",1.45308807086711,0.9,3066,52
"517","Lasso mod 100",1.56589721823856,0.92,9200,52
"518","Lasso mod 50",1.43759584489043,0.8,1150,52
"519","Naive",1.63418898386105,0.1,200,52
"520","Oracle",1.40827807093709,1,2300,52
"521","Lasso",8.32838977935863,0.8,836,53
"522","Ada Lasso",8.20754319205469,0.94,2300,53
"523","Local prior",8.20754319205469,0.94,2300,53
"524","Non local",9.73448958548615,0.86,4600,53
"525","Lasso mod 10000",8.31756067152395,0.8,1022,53
"526","Lasso mod 200",8.31756067152395,0.8,1022,53
"527","Lasso mod 100",8.27417732258086,0.84,1150,53
"528","Lasso mod 50",8.31756067152395,0.8,1022,53
"529","Naive",8.49340703734234,0.1,200,53
"530","Oracle",7.80687918615831,1,1672,53
"531","Lasso",17.1066454407225,0.86,3066,54
"532","Ada Lasso",17.0898937238467,0.92,9200,54
"533","Local prior",17.0898937238467,0.92,9200,54
"534","Non local",17.0898937238467,0.92,9200,54
"535","Lasso mod 10000",17.2245841873232,0.76,1840,54
"536","Lasso mod 200",17.1289465783986,0.82,2628,54
"537","Lasso mod 100",17.1289465783986,0.82,2628,54
"538","Lasso mod 50",17.1289465783986,0.82,2628,54
"539","Naive",19.3015172412425,0.1,200,54
"540","Oracle",16.4508444185557,1,1415,54
"541","Lasso",14.9096273709844,0.8,1082,55
"542","Ada Lasso",14.9377904198908,0.94,9200,55
"543","Local prior",14.9377904198908,0.94,9200,55
"544","Non local",14.9377904198908,0.94,9200,55
"545","Lasso mod 10000",14.7927559929278,0.86,2044,55
"546","Lasso mod 200",14.8045891270469,0.88,2628,55
"547","Lasso mod 100",14.8045891270469,0.88,2628,55
"548","Lasso mod 50",14.8496554347618,0.82,1672,55
"549","Naive",17.2133811642147,0.1,200,55
"550","Oracle",14.7323201393562,1,2044,55
"551","Lasso",15.120889394938,0.92,1314,56
"552","Ada Lasso",15.6935514656912,0.94,4600,56
"553","Local prior",15.2706256990624,0.94,2628,56
"554","Non local",15.6935514656912,0.94,4600,56
"555","Lasso mod 10000",15.2547808651284,0.78,836,56
"556","Lasso mod 200",15.3439686887412,0.84,1314,56
"557","Lasso mod 100",15.7232795086079,0.86,2300,56
"558","Lasso mod 50",15.2547808651284,0.78,836,56
"559","Naive",17.5683372530178,0.1,200,56
"560","Oracle",15.0805737340199,1,1672,56
"561","Lasso",4.61712729224398,0.82,1022,57
"562","Ada Lasso",4.6068302763578,0.96,2300,57
"563","Local prior",4.62283932175163,0.94,2044,57
"564","Non local",5.32274967367585,0.86,2300,57
"565","Lasso mod 10000",4.65720586997133,0.7,736,57
"566","Lasso mod 200",4.61377647069262,0.82,1226,57
"567","Lasso mod 100",4.61377647069262,0.82,1226,57
"568","Lasso mod 50",4.6764021366086,0.72,681,57
"569","Naive",5.46922134971857,0.1,200,57
"570","Oracle",4.6201563706197,1,1533,57
"571","Lasso",21.9008816615443,0.84,920,58
"572","Ada Lasso",21.8207872541332,0.92,1672,58
"573","Local prior",23.4609503352744,0.92,2044,58
"574","Non local",23.5988778579068,0.92,3066,58
"575","Lasso mod 10000",22.2475238102543,0.76,920,58
"576","Lasso mod 200",22.1415903416672,0.88,1415,58
"577","Lasso mod 100",22.1415903416672,0.88,1415,58
"578","Lasso mod 50",22.2475238102543,0.76,920,58
"579","Naive",23.9864721938208,0.1,200,58
"580","Oracle",21.5942903426199,1,2044,58
"581","Lasso",4.55369128825903,0.88,1672,59
"582","Ada Lasso",4.59019755677565,0.92,9200,59
"583","Local prior",4.54876231508229,0.94,6133,59
"584","Non local",4.59019755677565,0.92,9200,59
"585","Lasso mod 10000",4.54686437382675,0.92,4600,59
"586","Lasso mod 200",4.54876231508229,0.94,6133,59
"587","Lasso mod 100",4.54876231508229,0.94,6133,59
"588","Lasso mod 50",4.54686437382675,0.92,4600,59
"589","Naive",4.73535305857069,0.1,200,59
"590","Oracle",4.45418895039997,1,2628,59
"591","Lasso",12.8246242023146,0.8,836,60
"592","Ada Lasso",13.1975413981377,0.94,3066,60
"593","Local prior",13.1975413981377,0.94,3066,60
"594","Non local",13.1975413981377,0.94,3066,60
"595","Lasso mod 10000",12.7300304153785,0.8,1022,60
"596","Lasso mod 200",12.9182355253625,0.8,1314,60
"597","Lasso mod 100",12.9182355253625,0.8,1314,60
"598","Lasso mod 50",12.7808844240236,0.78,920,60
"599","Naive",14.2602056646313,0.1,200,60
"600","Oracle",12.7975825890498,1,1672,60
"601","Lasso",30.8340159533216,0.92,2044,61
"602","Ada Lasso",30.8112495863537,0.96,4600,61
"603","Local prior",31.4538008674074,0.94,9200,61
"604","Non local",33.4559755204268,0.92,18400,61
"605","Lasso mod 10000",30.7122809985567,0.96,6133,61
"606","Lasso mod 200",30.7122809985567,0.96,6133,61
"607","Lasso mod 100",30.7122809985567,0.96,6133,61
"608","Lasso mod 50",30.7122809985567,0.96,6133,61
"609","Naive",33.3772804404867,0.1,200,61
"610","Oracle",30.0241233195793,1,2628,61
"611","Lasso",13.2193628459326,0.78,836,62
"612","Ada Lasso",13.1324058466184,0.94,3680,62
"613","Local prior",13.3785692957705,0.92,4600,62
"614","Non local",13.1235970308538,0.96,4600,62
"615","Lasso mod 10000",13.2363728606621,0.84,1672,62
"616","Lasso mod 200",13.2363728606621,0.84,1672,62
"617","Lasso mod 100",13.1722403395553,0.88,2300,62
"618","Lasso mod 50",13.2041827796748,0.86,1415,62
"619","Naive",14.1591871336636,0.1,200,62
"620","Oracle",12.8492691875153,1,2300,62
"621","Lasso",6.75475978246475,0.92,2044,63
"622","Ada Lasso",6.77581165549305,0.94,3066,63
"623","Local prior",7.26986528866583,0.9,6133,63
"624","Non local",7.63373765832491,0.88,9200,63
"625","Lasso mod 10000",6.92701232205748,0.94,9200,63
"626","Lasso mod 200",6.92701232205748,0.94,9200,63
"627","Lasso mod 100",6.92701232205748,0.94,9200,63
"628","Lasso mod 50",6.92701232205748,0.94,9200,63
"629","Naive",7.57719962737432,0.1,200,63
"630","Oracle",6.6903608539211,1,1840,63
"631","Lasso",11.442167647293,0.84,1082,64
"632","Ada Lasso",11.4361972454689,0.9,1672,64
"633","Local prior",11.528735547442,0.96,4600,64
"634","Non local",11.7674469608939,0.94,9200,64
"635","Lasso mod 10000",11.2831113281693,0.86,2044,64
"636","Lasso mod 200",11.7880130873339,0.9,4600,64
"637","Lasso mod 100",11.7880130873339,0.9,4600,64
"638","Lasso mod 50",11.2831113281693,0.86,2044,64
"639","Naive",12.8987503038924,0.1,200,64
"640","Oracle",11.2008367995301,1,2044,64
"641","Lasso",1.37909041740896,0.8,968,65
"642","Ada Lasso",1.37113496836903,0.88,1415,65
"643","Local prior",1.38558401202634,0.9,2300,65
"644","Non local",1.41089404699121,0.9,3680,65
"645","Lasso mod 10000",1.38060347361558,0.72,836,65
"646","Lasso mod 200",1.37858356486788,0.82,1314,65
"647","Lasso mod 100",1.37886715763153,0.86,1533,65
"648","Lasso mod 50",1.38060347361558,0.72,836,65
"649","Naive",1.5852149191244,0.1,200,65
"650","Oracle",1.3407705202007,1,1672,65
"651","Lasso",6.4784605340324,0.9,1840,66
"652","Ada Lasso",6.52276050295533,0.94,2628,66
"653","Local prior",6.52949032163941,0.96,3680,66
"654","Non local",6.98581563066032,0.94,6133,66
"655","Lasso mod 10000",6.34947131761704,0.8,1226,66
"656","Lasso mod 200",6.36159362047875,0.84,1533,66
"657","Lasso mod 100",6.43560761729399,0.86,1672,66
"658","Lasso mod 50",6.36159362047875,0.84,1533,66
"659","Naive",7.16070607207469,0.1,200,66
"660","Oracle",6.14935258955727,1,2628,66
"661","Lasso",12.6395622056331,0.84,920,67
"662","Ada Lasso",12.6226618918848,0.96,2300,67
"663","Local prior",12.6226618918848,0.96,2300,67
"664","Non local",12.6226618918848,0.96,2300,67
"665","Lasso mod 10000",12.8017318981803,0.76,736,67
"666","Lasso mod 200",13.0904720702451,0.82,1226,67
"667","Lasso mod 100",13.0904720702451,0.82,1226,67
"668","Lasso mod 50",12.8017318981803,0.76,736,67
"669","Naive",13.8559617563687,0.1,200,67
"670","Oracle",12.4626025189658,1,1840,67
"671","Lasso",9.45883593076265,0.78,800,68
"672","Ada Lasso",9.76669038002919,0.92,3680,68
"673","Local prior",9.93113757688533,0.86,2044,68
"674","Non local",9.77466129012897,0.94,4600,68
"675","Lasso mod 10000",9.71155079430722,0.64,657,68
"676","Lasso mod 200",9.68723456300678,0.66,707,68
"677","Lasso mod 100",9.85652725874355,0.82,1672,68
"678","Lasso mod 50",9.82363297188754,0.58,575,68
"679","Naive",11.3247888356822,0.1,200,68
"680","Oracle",9.25704538701081,1,1672,68
"681","Lasso",17.736247982226,0.82,707,69
"682","Ada Lasso",17.8006122020546,0.86,1082,69
"683","Local prior",19.2755967473901,0.9,2628,69
"684","Non local",20.8141009582422,0.84,2628,69
"685","Lasso mod 10000",17.6358051745986,0.76,836,69
"686","Lasso mod 200",17.4449932422368,0.82,968,69
"687","Lasso mod 100",18.2325759668918,0.82,1840,69
"688","Lasso mod 50",17.6358051745986,0.76,836,69
"689","Naive",20.424577426747,0.1,200,69
"690","Oracle",17.2128346975436,1,2300,69
"691","Lasso",25.6444330534851,0.72,557,70
"692","Ada Lasso",24.9959167047029,0.94,1415,70
"693","Local prior",26.3469250889469,0.9,2300,70
"694","Non local",26.7781566239175,0.92,3066,70
"695","Lasso mod 10000",25.5463823320421,0.74,681,70
"696","Lasso mod 200",25.5463823320421,0.74,681,70
"697","Lasso mod 100",25.6000642077737,0.78,736,70
"698","Lasso mod 50",25.5463823320421,0.74,681,70
"699","Naive",29.1570996822018,0.1,200,70
"700","Oracle",25.0219523331686,1,1533,70
"701","Lasso",0.67967178871009,0.82,766,71
"702","Ada Lasso",0.684794693590701,0.94,1840,71
"703","Local prior",0.691854213306796,0.94,2300,71
"704","Non local",0.74211331592146,0.96,4600,71
"705","Lasso mod 10000",0.673843259181533,0.9,1415,71
"706","Lasso mod 200",0.674788628382255,0.9,1533,71
"707","Lasso mod 100",0.674788628382255,0.9,1533,71
"708","Lasso mod 50",0.673843259181533,0.9,1415,71
"709","Naive",0.733270665598366,0.1,200,71
"710","Oracle",0.672550478477907,1,2628,71
"711","Lasso",19.3935320651763,0.76,575,72
"712","Ada Lasso",20.7518643396344,0.9,1672,72
"713","Local prior",20.6428117781938,0.92,2044,72
"714","Non local",22.5262805130941,0.94,3680,72
"715","Lasso mod 10000",19.3159766243371,0.74,613,72
"716","Lasso mod 200",19.7292019551479,0.8,1226,72
"717","Lasso mod 100",19.7292019551479,0.8,1226,72
"718","Lasso mod 50",19.3159766243371,0.74,613,72
"719","Naive",22.0999060452895,0.1,200,72
"720","Oracle",19.0944466379841,1,2044,72
"721","Lasso",31.0676866971893,0.86,800,73
"722","Ada Lasso",30.9919191550008,0.94,1082,73
"723","Local prior",31.4723568483247,0.98,2044,73
"724","Non local",32.2683416672719,0.94,2300,73
"725","Lasso mod 10000",32.8687664618679,0.76,1314,73
"726","Lasso mod 200",32.8687664618679,0.76,1314,73
"727","Lasso mod 100",32.8687664618679,0.76,1314,73
"728","Lasso mod 50",32.8687664618679,0.76,1314,73
"729","Naive",34.6972567210066,0.1,200,73
"730","Oracle",31.0227486538467,1,1533,73
"731","Lasso",6.78134577330192,0.78,575,74
"732","Ada Lasso",6.61527141093499,0.92,1082,74
"733","Local prior",6.57415462846392,0.96,1672,74
"734","Non local",6.57415462846392,0.96,1672,74
"735","Lasso mod 10000",6.80441491370751,0.7,525,74
"736","Lasso mod 200",6.8112877952545,0.72,557,74
"737","Lasso mod 100",6.57057800347994,0.86,1672,74
"738","Lasso mod 50",6.80441491370751,0.7,525,74
"739","Naive",7.54319030433524,0.1,200,74
"740","Oracle",6.50801433829218,1,1672,74
"741","Lasso",4.46350341110248,0.66,448,75
"742","Ada Lasso",4.51869913240236,0.94,4600,75
"743","Local prior",4.51747970163262,0.92,2628,75
"744","Non local",4.51869913240236,0.94,4600,75
"745","Lasso mod 10000",4.45385430611837,0.64,511,75
"746","Lasso mod 200",4.82805522230685,0.88,3066,75
"747","Lasso mod 100",4.96471875218594,0.86,4600,75
"748","Lasso mod 50",4.44350853968168,0.66,525,75
"749","Naive",5.05084128516449,0.1,200,75
"750","Oracle",4.36590418310316,1,1840,75
"751","Lasso",1.90183287328992,0.72,613,76
"752","Ada Lasso",1.86854687889224,0.84,876,76
"753","Local prior",1.86410260283872,0.94,1415,76
"754","Non local",2.0607652789191,0.92,6133,76
"755","Lasso mod 10000",1.90895400963248,0.62,497,76
"756","Lasso mod 200",1.99204600319225,0.7,920,76
"757","Lasso mod 100",2.74204271683627,0.9,Inf,76
"758","Lasso mod 50",1.90895400963248,0.62,497,76
"759","Naive",2.1684790236997,0.1,200,76
"760","Oracle",1.85579468104785,1,1672,76
"761","Lasso",9.03830524617451,0.78,766,77
"762","Ada Lasso",9.15624770150776,0.84,1226,77
"763","Local prior",9.40768032847735,0.9,2628,77
"764","Non local",9.83273370440369,0.94,9200,77
"765","Lasso mod 10000",9.07726298615448,0.72,766,77
"766","Lasso mod 200",9.01690861647266,0.76,876,77
"767","Lasso mod 100",9.77238405655634,0.94,4600,77
"768","Lasso mod 50",9.07726298615448,0.72,766,77
"769","Naive",10.3093650590479,0.1,200,77
"770","Oracle",8.94544565027954,1,2300,77
"771","Lasso",7.56508852783291,0.84,1314,78
"772","Ada Lasso",7.42627502212734,0.94,3066,78
"773","Local prior",7.42627502212734,0.94,3066,78
"774","Non local",7.69376798946982,0.96,4600,78
"775","Lasso mod 10000",7.36622906879117,0.86,1533,78
"776","Lasso mod 200",7.35880459679065,0.9,2044,78
"777","Lasso mod 100",7.28361405432424,0.96,3066,78
"778","Lasso mod 50",7.3746667755837,0.88,1672,78
"779","Naive",8.27471001223944,0.1,200,78
"780","Oracle",7.23759231546235,1,2628,78
"781","Lasso",17.4809766856767,0.84,920,79
"782","Ada Lasso",17.435167219513,0.92,1415,79
"783","Local prior",17.3538214360374,0.94,1840,79
"784","Non local",19.4035167857832,0.9,3066,79
"785","Lasso mod 10000",17.5465531988343,0.74,707,79
"786","Lasso mod 200",17.5248073357724,0.78,766,79
"787","Lasso mod 100",17.5248073357724,0.78,766,79
"788","Lasso mod 50",17.5465531988343,0.74,707,79
"789","Naive",19.1652699986722,0.1,200,79
"790","Oracle",16.7331403576679,1,1672,79
"791","Lasso",19.9612907398534,0.8,1150,80
"792","Ada Lasso",19.6777014733882,0.9,3066,80
"793","Local prior",19.9578353525734,0.94,4600,80
"794","Non local",19.9578353525734,0.94,4600,80
"795","Lasso mod 10000",19.3785037109166,0.82,1150,80
"796","Lasso mod 200",19.3785037109166,0.82,1150,80
"797","Lasso mod 100",19.7069772992569,0.86,2300,80
"798","Lasso mod 50",19.3785037109166,0.82,1150,80
"799","Naive",23.2438747399465,0.1,200,80
"800","Oracle",19.0277520367989,1,2300,80
"801","Lasso",14.4718233741826,0.6,383,81
"802","Ada Lasso",14.1613774739138,0.86,876,81
"803","Local prior",14.8360864110899,0.94,1533,81
"804","Non local",15.1071505611801,0.96,3680,81
"805","Lasso mod 10000",14.2551039169511,0.9,1672,81
"806","Lasso mod 200",14.2551039169511,0.9,1672,81
"807","Lasso mod 100",14.2551039169511,0.9,1672,81
"808","Lasso mod 50",14.2551039169511,0.9,1672,81
"809","Naive",15.9074081715268,0.1,200,81
"810","Oracle",13.9206012434805,1,2300,81
"811","Lasso",5.96871497744817,0.76,707,82
"812","Ada Lasso",5.89335144163043,0.9,2044,82
"813","Local prior",5.88386345857192,0.92,2628,82
"814","Non local",5.95014037210484,0.92,3066,82
"815","Lasso mod 10000",6.00272488507559,0.72,968,82
"816","Lasso mod 200",5.94708672855873,0.76,1226,82
"817","Lasso mod 100",5.97124903288126,0.84,1840,82
"818","Lasso mod 50",6.00272488507559,0.72,968,82
"819","Naive",6.36940760357131,0.1,200,82
"820","Oracle",5.75105934787454,1,1672,82
"821","Lasso",9.80371832718333,0.82,736,83
"822","Ada Lasso",9.58569835827661,0.94,1672,83
"823","Local prior",9.66230768852235,0.96,3066,83
"824","Non local",9.66230768852235,0.96,3066,83
"825","Lasso mod 10000",10.0608825920449,0.64,484,83
"826","Lasso mod 200",9.75173136641784,0.88,1840,83
"827","Lasso mod 100",10.1060084732349,0.84,2044,83
"828","Lasso mod 50",10.1066747411331,0.62,471,83
"829","Naive",11.1458025986363,0.1,200,83
"830","Oracle",9.59948125768252,1,2044,83
"831","Lasso",46.8615120215409,0.9,2044,84
"832","Ada Lasso",46.8087569268938,0.94,4600,84
"833","Local prior",46.8087569268938,0.94,4600,84
"834","Non local",48.3477526269799,0.92,18400,84
"835","Lasso mod 10000",48.3477526269799,0.92,18400,84
"836","Lasso mod 200",48.3477526269799,0.92,18400,84
"837","Lasso mod 100",48.3477526269799,0.92,18400,84
"838","Lasso mod 50",45.9219214951875,0.9,2300,84
"839","Naive",50.2737644497706,0.1,200,84
"840","Oracle",44.0847949516092,1,2300,84
"841","Lasso",26.8923293214382,0.62,438,85
"842","Ada Lasso",25.6150705311067,0.9,1150,85
"843","Local prior",25.3046990505228,0.94,1840,85
"844","Non local",31.2675529797127,0.86,6133,85
"845","Lasso mod 10000",26.48280345044,0.64,541,85
"846","Lasso mod 200",25.341128508648,0.78,1226,85
"847","Lasso mod 100",26.5795366295847,0.88,3066,85
"848","Lasso mod 50",26.48280345044,0.64,541,85
"849","Naive",31.770636682098,0.1,200,85
"850","Oracle",25.2451396622746,1,2044,85
"851","Lasso",6.92001813708964,0.58,448,86
"852","Ada Lasso",6.70602103623545,0.92,2300,86
"853","Local prior",6.70602103623545,0.92,2300,86
"854","Non local",6.70133646285979,0.96,4600,86
"855","Lasso mod 10000",6.84289228243871,0.62,593,86
"856","Lasso mod 200",6.88054191054787,0.92,6133,86
"857","Lasso mod 100",6.88054191054787,0.92,6133,86
"858","Lasso mod 50",6.84289228243871,0.62,593,86
"859","Naive",7.46487485167805,0.1,200,86
"860","Oracle",6.56488692610834,1,2628,86
"861","Lasso",17.8019627985097,0.76,766,87
"862","Ada Lasso",18.1805040433345,0.86,1415,87
"863","Local prior",18.1535675178205,0.92,2300,87
"864","Non local",17.8221776944983,0.94,3066,87
"865","Lasso mod 10000",17.4256676258151,0.82,920,87
"866","Lasso mod 200",17.6087675895764,0.82,1150,87
"867","Lasso mod 100",17.4529171928286,0.84,1314,87
"868","Lasso mod 50",17.5471469091611,0.8,968,87
"869","Naive",18.8487708212811,0.1,200,87
"870","Oracle",17.2242666856559,1,3066,87
"871","Lasso",8.06456345445252,0.78,657,88
"872","Ada Lasso",8.08642567962087,0.82,920,88
"873","Local prior",9.10182896027971,0.86,1672,88
"874","Non local",9.03154332643783,0.92,9200,88
"875","Lasso mod 10000",7.93887064463999,0.84,1533,88
"876","Lasso mod 200",7.91330440552968,0.86,1672,88
"877","Lasso mod 100",7.91330440552968,0.86,1672,88
"878","Lasso mod 50",7.93887064463999,0.84,1533,88
"879","Naive",8.77419684121152,0.1,200,88
"880","Oracle",7.77510464618766,1,2300,88
"881","Lasso",4.86315773810402,0.84,1415,89
"882","Ada Lasso",5.20599186784125,0.9,4600,89
"883","Local prior",5.00518121159457,0.94,4600,89
"884","Non local",5.63833736848428,0.88,9200,89
"885","Lasso mod 10000",5.12652698519433,0.78,1672,89
"886","Lasso mod 200",5.14953293582808,0.86,3066,89
"887","Lasso mod 100",5.14953293582808,0.86,3066,89
"888","Lasso mod 50",4.80756217121422,0.72,1022,89
"889","Naive",5.28747430625271,0.1,200,89
"890","Oracle",4.510793631779,1,1840,89
"891","Lasso",4.91252934133188,0.78,766,90
"892","Ada Lasso",4.86065758035145,0.9,1533,90
"893","Local prior",4.91337357701796,0.96,6133,90
"894","Non local",4.91337357701796,0.96,6133,90
"895","Lasso mod 10000",4.86863133684356,0.84,1840,90
"896","Lasso mod 200",4.85679880738556,0.86,2300,90
"897","Lasso mod 100",4.85679880738556,0.86,2300,90
"898","Lasso mod 50",4.86863133684356,0.84,1840,90
"899","Naive",5.46421475905252,0.1,200,90
"900","Oracle",4.83732306500476,1,2300,90
"901","Lasso",17.8166125809613,0.82,766,91
"902","Ada Lasso",18.4010616303979,0.88,1533,91
"903","Local prior",18.6188687718742,0.88,2044,91
"904","Non local",18.2641949473751,0.94,2300,91
"905","Lasso mod 10000",18.5033148385962,0.76,1082,91
"906","Lasso mod 200",18.6543097191538,0.78,1150,91
"907","Lasso mod 100",18.6543097191538,0.78,1150,91
"908","Lasso mod 50",18.5033148385962,0.76,1082,91
"909","Naive",19.6004643923791,0.1,200,91
"910","Oracle",16.4228939327713,1,1533,91
"911","Lasso",21.4419782244192,0.6,418,92
"912","Ada Lasso",20.7961599253162,0.8,766,92
"913","Local prior",20.751772574788,0.94,2628,92
"914","Non local",21.7027298595362,0.92,3680,92
"915","Lasso mod 10000",21.1709251098284,0.66,575,92
"916","Lasso mod 200",20.9135172461617,0.78,876,92
"917","Lasso mod 100",20.7850059675925,0.84,1150,92
"918","Lasso mod 50",21.121653980786,0.7,707,92
"919","Naive",23.7173787705671,0.1,200,92
"920","Oracle",20.4390578010089,1,2300,92
"921","Lasso",6.88381530735616,0.66,511,93
"922","Ada Lasso",6.93912790422155,0.92,2300,93
"923","Local prior",6.92999243212859,0.92,2628,93
"924","Non local",6.94933296311018,0.94,4600,93
"925","Lasso mod 10000",6.7222526712179,0.78,876,93
"926","Lasso mod 200",6.66075111884635,0.84,1226,93
"927","Lasso mod 100",6.64090633497417,0.86,1415,93
"928","Lasso mod 50",6.81163656682126,0.72,657,93
"929","Naive",7.93219714367678,0.1,200,93
"930","Oracle",6.63814500834513,1,2300,93
"931","Lasso",25.8325718580793,0.7,511,94
"932","Ada Lasso",25.8325718580793,0.7,511,94
"933","Local prior",26.6949443219147,0.9,1840,94
"934","Non local",27.7993974604978,0.94,4600,94
"935","Lasso mod 10000",25.6105098569718,0.68,613,94
"936","Lasso mod 200",25.3984755516027,0.76,800,94
"937","Lasso mod 100",25.2003182671158,0.84,1082,94
"938","Lasso mod 50",25.5038731854362,0.72,681,94
"939","Naive",28.8005842281925,0.1,200,94
"940","Oracle",25.1759591078905,1,2300,94
"941","Lasso",7.70108170277276,0.92,1415,95
"942","Ada Lasso",7.68999249988306,0.94,3680,95
"943","Local prior",7.69562186386032,0.96,2628,95
"944","Non local",7.68999249988306,0.94,3680,95
"945","Lasso mod 10000",7.20564590675344,0.72,766,95
"946","Lasso mod 200",7.57756471684325,0.84,1840,95
"947","Lasso mod 100",7.57756471684325,0.84,1840,95
"948","Lasso mod 50",7.20564590675344,0.72,766,95
"949","Naive",8.12998109906214,0.1,200,95
"950","Oracle",7.06990252950216,1,1672,95
"951","Lasso",19.0741423136616,0.86,1150,96
"952","Ada Lasso",20.4481321242616,0.94,6133,96
"953","Local prior",19.9471482982,0.96,4600,96
"954","Non local",20.4481321242616,0.94,6133,96
"955","Lasso mod 10000",18.6361071855308,0.8,1022,96
"956","Lasso mod 200",21.5659805856592,0.88,6133,96
"957","Lasso mod 100",21.5659805856592,0.88,6133,96
"958","Lasso mod 50",18.5842825100151,0.8,1082,96
"959","Naive",21.4644026697665,0.1,200,96
"960","Oracle",18.4080079645768,1,2300,96
"961","Lasso",8.88722668605096,0.8,1022,97
"962","Ada Lasso",8.86409104222832,0.92,3066,97
"963","Local prior",8.81289888864199,0.96,4600,97
"964","Non local",8.81289888864199,0.96,4600,97
"965","Lasso mod 10000",8.88628110566139,0.82,1533,97
"966","Lasso mod 200",8.89283078078434,0.84,1840,97
"967","Lasso mod 100",8.89283078078434,0.84,1840,97
"968","Lasso mod 50",8.88628110566139,0.82,1533,97
"969","Naive",10.9483979187232,0.1,200,97
"970","Oracle",8.8213098469965,1,3066,97
"971","Lasso",10.4608706990921,0.92,1082,98
"972","Ada Lasso",10.4132154878657,0.96,1672,98
"973","Local prior",10.3109223425203,0.98,2300,98
"974","Non local",10.3109223425203,0.98,2300,98
"975","Lasso mod 10000",10.448447647159,0.84,1082,98
"976","Lasso mod 200",10.5497379488113,0.88,1840,98
"977","Lasso mod 100",10.5497379488113,0.88,1840,98
"978","Lasso mod 50",10.4647686212204,0.82,968,98
"979","Naive",12.1188862758509,0.1,200,98
"980","Oracle",10.3092399451573,1,1840,98
"981","Lasso",3.86038344259009,0.82,920,99
"982","Ada Lasso",3.86395170168052,0.92,2300,99
"983","Local prior",3.97242166453144,0.94,6133,99
"984","Non local",3.97242166453144,0.94,6133,99
"985","Lasso mod 10000",3.95593001691074,0.66,681,99
"986","Lasso mod 200",4.44722802817683,0.92,18400,99
"987","Lasso mod 100",4.44722802817683,0.92,18400,99
"988","Lasso mod 50",3.9774454883525,0.64,634,99
"989","Naive",4.41533168839174,0.1,200,99
"990","Oracle",3.8102801937233,1,2044,99
"991","Lasso",7.23632586777806,0.92,1226,100
"992","Ada Lasso",7.19190050947964,0.94,1533,100
"993","Local prior",7.39081648519579,0.92,3680,100
"994","Non local",7.16145373585222,0.96,3680,100
"995","Lasso mod 10000",7.18860532405744,0.82,920,100
"996","Lasso mod 200",7.75380872157367,0.94,9200,100
"997","Lasso mod 100",7.75380872157367,0.94,9200,100
"998","Lasso mod 50",7.18860532405744,0.82,920,100
"999","Naive",7.72999133575151,0.1,200,100
"1000","Oracle",7.13375101990782,1,2300,100
"1001","Lasso",1.37243477819466,0.78,968,101
"1002","Ada Lasso",1.36519896619998,0.94,9200,101
"1003","Local prior",1.36519896619998,0.94,9200,101
"1004","Non local",1.37261346541569,0.92,18400,101
"1005","Lasso mod 10000",1.36586258275255,0.92,6133,101
"1006","Lasso mod 200",1.36519896619998,0.94,9200,101
"1007","Lasso mod 100",1.36519896619998,0.94,9200,101
"1008","Lasso mod 50",1.36586258275255,0.92,6133,101
"1009","Naive",1.59468317394289,0.1,200,101
"1010","Oracle",1.372334227223,1,2300,101
"1011","Lasso",21.1519851836752,0.88,1314,102
"1012","Ada Lasso",20.8256248802649,0.92,1672,102
"1013","Local prior",20.8206428090301,0.94,2044,102
"1014","Non local",21.284547931294,0.94,4600,102
"1015","Lasso mod 10000",21.2395766255008,0.82,1150,102
"1016","Lasso mod 200",21.0641387228613,0.88,1415,102
"1017","Lasso mod 100",21.0641387228613,0.88,1415,102
"1018","Lasso mod 50",21.2946639630399,0.8,1082,102
"1019","Naive",23.3614208166744,0.1,200,102
"1020","Oracle",20.6463647494041,1,1840,102
"1021","Lasso",9.86215412060629,0.88,2628,103
"1022","Ada Lasso",10.1951585638677,0.9,6133,103
"1023","Local prior",10.1951585638677,0.9,6133,103
"1024","Non local",10.1951585638677,0.9,6133,103
"1025","Lasso mod 10000",9.70946273850529,0.86,2044,103
"1026","Lasso mod 200",9.87823906711228,0.84,2300,103
"1027","Lasso mod 100",9.87823906711228,0.84,2300,103
"1028","Lasso mod 50",9.70946273850529,0.86,2044,103
"1029","Naive",10.5653739956538,0.1,200,103
"1030","Oracle",9.67269631924043,1,2628,103
"1031","Lasso",2.01806637943377,0.8,968,104
"1032","Ada Lasso",2.0831739923723,0.92,6133,104
"1033","Local prior",2.0831739923723,0.92,6133,104
"1034","Non local",2.0831739923723,0.92,6133,104
"1035","Lasso mod 10000",2.02791236908163,0.74,920,104
"1036","Lasso mod 200",2.00274096819135,0.84,1533,104
"1037","Lasso mod 100",1.99680702492662,0.86,1672,104
"1038","Lasso mod 50",2.02791236908163,0.74,920,104
"1039","Naive",2.3703250428948,0.1,200,104
"1040","Oracle",1.98921166099106,1,1415,104
"1041","Lasso",4.88635562864287,0.76,593,105
"1042","Ada Lasso",4.81392631442429,0.9,4600,105
"1043","Local prior",4.83053497345851,0.88,3066,105
"1044","Non local",4.81392631442429,0.9,4600,105
"1045","Lasso mod 10000",4.84250712745882,0.76,920,105
"1046","Lasso mod 200",4.89336272074681,0.78,1415,105
"1047","Lasso mod 100",4.87935530331904,0.82,1840,105
"1048","Lasso mod 50",4.84250712745882,0.76,920,105
"1049","Naive",5.19693122743642,0.1,200,105
"1050","Oracle",4.76139028872921,1,1672,105
"1051","Lasso",3.71542910116405,0.74,657,106
"1052","Ada Lasso",4.05037289102499,0.9,2044,106
"1053","Local prior",3.81211972285864,0.92,1840,106
"1054","Non local",4.11085961253106,0.92,9200,106
"1055","Lasso mod 10000",3.80571014370267,0.64,557,106
"1056","Lasso mod 200",3.54349107871743,0.92,1840,106
"1057","Lasso mod 100",3.55571164461597,0.96,2300,106
"1058","Lasso mod 50",3.80571014370267,0.64,557,106
"1059","Naive",4.57608714747556,0.1,200,106
"1060","Oracle",3.53712253781218,1,3066,106
"1061","Lasso",18.3472690803513,0.84,1415,107
"1062","Ada Lasso",18.2633618556534,0.92,3066,107
"1063","Local prior",18.2633618556534,0.92,3066,107
"1064","Non local",18.2763676537803,0.94,4600,107
"1065","Lasso mod 10000",18.5521073427241,0.68,876,107
"1066","Lasso mod 200",18.5521073427241,0.68,876,107
"1067","Lasso mod 100",18.5777873060626,0.7,920,107
"1068","Lasso mod 50",18.6354717130405,0.66,800,107
"1069","Naive",19.5463075864298,0.1,200,107
"1070","Oracle",18.0240586754489,1,1840,107
"1071","Lasso",6.52361765598852,0.72,557,108
"1072","Ada Lasso",6.4302696945747,0.88,1082,108
"1073","Local prior",6.53951665978866,0.88,1314,108
"1074","Non local",6.56762502854938,0.92,1672,108
"1075","Lasso mod 10000",6.52805397624936,0.72,766,108
"1076","Lasso mod 200",6.37251142737543,0.88,1533,108
"1077","Lasso mod 100",6.4032074833307,0.94,2300,108
"1078","Lasso mod 50",6.52794866508666,0.72,766,108
"1079","Naive",7.28992783046714,0.1,200,108
"1080","Oracle",6.29627272569993,1,2628,108
"1081","Lasso",5.51592150974655,0.82,1226,109
"1082","Ada Lasso",5.47938409744588,0.92,9200,109
"1083","Local prior",5.46514250810736,0.88,3680,109
"1084","Non local",5.47938409744588,0.92,9200,109
"1085","Lasso mod 10000",5.48270552410366,0.76,1415,109
"1086","Lasso mod 200",5.46109413692897,0.88,3066,109
"1087","Lasso mod 100",5.47611347114187,0.9,3680,109
"1088","Lasso mod 50",5.63814460114238,0.58,613,109
"1089","Naive",6.3931510453945,0.1,200,109
"1090","Oracle",5.38201480391429,1,2300,109
"1091","Lasso",17.5123261715846,0.86,876,110
"1092","Ada Lasso",18.5143429833741,0.94,6133,110
"1093","Local prior",18.5143429833741,0.94,6133,110
"1094","Non local",18.5143429833741,0.94,6133,110
"1095","Lasso mod 10000",18.2560654659651,0.86,1415,110
"1096","Lasso mod 200",18.1603078484864,0.9,1840,110
"1097","Lasso mod 100",19.3177276205529,0.9,4600,110
"1098","Lasso mod 50",18.1603078484864,0.9,1840,110
"1099","Naive",19.8407983077578,0.1,200,110
"1100","Oracle",17.3219885668088,1,2044,110
"1101","Lasso",5.61442118974065,0.86,1082,111
"1102","Ada Lasso",5.70718598323606,0.92,2044,111
"1103","Local prior",5.70718598323606,0.92,2044,111
"1104","Non local",8.05366904112595,0.9,Inf,111
"1105","Lasso mod 10000",5.61147204275485,0.84,1150,111
"1106","Lasso mod 200",5.70105527610977,0.82,1314,111
"1107","Lasso mod 100",5.69778503405681,0.9,2300,111
"1108","Lasso mod 50",5.61147204275485,0.84,1150,111
"1109","Naive",6.36890097118177,0.1,200,111
"1110","Oracle",5.57205430272942,1,2044,111
"1111","Lasso",15.8779459489693,0.82,1314,112
"1112","Ada Lasso",15.9181776281354,0.92,2628,112
"1113","Local prior",15.9893227837176,0.94,3680,112
"1114","Non local",16.6790183712639,0.94,6133,112
"1115","Lasso mod 10000",15.8464046857728,0.78,1022,112
"1116","Lasso mod 200",16.0181011644238,0.9,2628,112
"1117","Lasso mod 100",16.0181011644238,0.9,2628,112
"1118","Lasso mod 50",15.8057304366819,0.76,920,112
"1119","Naive",18.3348075450188,0.1,200,112
"1120","Oracle",15.8332088696649,1,2628,112
"1121","Lasso",13.7284255756343,0.86,1314,113
"1122","Ada Lasso",14.4880128818358,0.92,4600,113
"1123","Local prior",14.4880128818358,0.92,4600,113
"1124","Non local",14.4880128818358,0.92,4600,113
"1125","Lasso mod 10000",13.5378662223416,0.92,3066,113
"1126","Lasso mod 200",13.5378662223416,0.92,3066,113
"1127","Lasso mod 100",13.511506985144,0.94,3680,113
"1128","Lasso mod 50",13.5378662223416,0.92,3066,113
"1129","Naive",14.1528209004206,0.1,200,113
"1130","Oracle",13.0824804069389,1,2628,113
"1131","Lasso",29.6304020237629,0.9,1672,114
"1132","Ada Lasso",29.6205116354857,0.96,6133,114
"1133","Local prior",29.6205116354857,0.96,6133,114
"1134","Non local",29.6205116354857,0.96,6133,114
"1135","Lasso mod 10000",29.5923079683107,0.88,2628,114
"1136","Lasso mod 200",29.6205116354857,0.96,6133,114
"1137","Lasso mod 100",29.6205116354857,0.96,6133,114
"1138","Lasso mod 50",29.6006002860079,0.9,3066,114
"1139","Naive",32.9058926217933,0.1,200,114
"1140","Oracle",29.1716031017904,1,2044,114
"1141","Lasso",4.38993806719108,0.86,1082,115
"1142","Ada Lasso",4.37251045842502,0.96,3066,115
"1143","Local prior",4.37251045842502,0.96,3066,115
"1144","Non local",4.37251045842502,0.96,3066,115
"1145","Lasso mod 10000",4.49216748330989,0.64,593,115
"1146","Lasso mod 200",4.438170654524,0.72,736,115
"1147","Lasso mod 100",4.38975120818675,0.92,2300,115
"1148","Lasso mod 50",4.49616189839009,0.64,593,115
"1149","Naive",5.16613865328906,0.1,200,115
"1150","Oracle",4.39514589555769,1,1840,115
"1151","Lasso",17.7653819681439,0.86,1840,116
"1152","Ada Lasso",17.6949073382866,0.94,4600,116
"1153","Local prior",17.6949073382866,0.94,4600,116
"1154","Non local",17.6949073382866,0.94,4600,116
"1155","Lasso mod 10000",17.9990586605764,0.72,876,116
"1156","Lasso mod 200",17.7818591841098,0.88,1672,116
"1157","Lasso mod 100",17.7818591841098,0.88,1672,116
"1158","Lasso mod 50",18.0051195146628,0.76,1022,116
"1159","Naive",19.4992877117088,0.1,200,116
"1160","Oracle",17.4031038310042,1,2044,116
"1161","Lasso",27.7970351304457,0.82,968,117
"1162","Ada Lasso",27.642869364036,0.92,2044,117
"1163","Local prior",27.642869364036,0.92,2044,117
"1164","Non local",27.642869364036,0.92,2044,117
"1165","Lasso mod 10000",27.7643572203332,0.74,707,117
"1166","Lasso mod 200",28.8749706215343,0.72,876,117
"1167","Lasso mod 100",28.840074826221,0.74,968,117
"1168","Lasso mod 50",28.5386785169605,0.72,800,117
"1169","Naive",32.1955641355861,0.1,200,117
"1170","Oracle",27.0801859360241,1,1840,117
"1171","Lasso",7.65902339526001,0.68,448,118
"1172","Ada Lasso",7.54784894024251,0.96,3066,118
"1173","Local prior",7.54784894024251,0.96,3066,118
"1174","Non local",7.77992730927841,0.94,4600,118
"1175","Lasso mod 10000",7.48867877293694,0.94,1533,118
"1176","Lasso mod 200",7.48867877293694,0.94,1533,118
"1177","Lasso mod 100",7.48867877293694,0.94,1533,118
"1178","Lasso mod 50",7.55028191005662,0.9,1150,118
"1179","Naive",8.38956210525049,0.1,200,118
"1180","Oracle",7.44963662207938,1,2300,118
"1181","Lasso",11.8520463220275,0.94,2044,119
"1182","Ada Lasso",12.0084610180195,0.92,3066,119
"1183","Local prior",12.0084610180195,0.92,3066,119
"1184","Non local",12.0110114661802,0.94,4600,119
"1185","Lasso mod 10000",11.801130871319,0.86,1314,119
"1186","Lasso mod 200",11.8802228369477,0.9,2300,119
"1187","Lasso mod 100",11.8802228369477,0.9,2300,119
"1188","Lasso mod 50",11.8238096406656,0.74,876,119
"1189","Naive",12.922741587292,0.1,200,119
"1190","Oracle",11.8139219993291,1,2300,119
"1191","Lasso",5.29399530817712,0.9,4600,120
"1192","Ada Lasso",5.29399530817712,0.9,4600,120
"1193","Local prior",5.29399530817712,0.9,4600,120
"1194","Non local",5.28577806108462,0.92,9200,120
"1195","Lasso mod 10000",5.32150933364495,0.82,2300,120
"1196","Lasso mod 200",5.32150933364495,0.82,2300,120
"1197","Lasso mod 100",5.28577806108462,0.92,9200,120
"1198","Lasso mod 50",5.31260704417308,0.78,1672,120
"1199","Naive",5.80878735182162,0.1,200,120
"1200","Oracle",5.31481561954845,1,1672,120
"1201","Lasso",8.76523413038881,0.92,1082,121
"1202","Ada Lasso",8.61784198550688,0.94,2044,121
"1203","Local prior",8.61400174758698,0.96,2300,121
"1204","Non local",8.61400174758698,0.96,2300,121
"1205","Lasso mod 10000",8.86101130878003,0.7,836,121
"1206","Lasso mod 200",8.83764393124806,0.8,1415,121
"1207","Lasso mod 100",8.83764393124806,0.8,1415,121
"1208","Lasso mod 50",8.82954735989876,0.72,876,121
"1209","Naive",9.38439796326285,0.1,200,121
"1210","Oracle",8.66885597816185,1,1415,121
"1211","Lasso",13.3620684112562,0.72,736,122
"1212","Ada Lasso",13.878682988456,0.92,18400,122
"1213","Local prior",13.5464790100806,0.92,4600,122
"1214","Non local",13.5176327216775,0.94,9200,122
"1215","Lasso mod 10000",13.2884427034426,0.74,968,122
"1216","Lasso mod 200",13.2167135670987,0.78,1226,122
"1217","Lasso mod 100",13.5528826137975,0.88,3680,122
"1218","Lasso mod 50",13.3435785533277,0.7,836,122
"1219","Naive",15.2161491270486,0.1,200,122
"1220","Oracle",13.1272702855902,1,2300,122
"1221","Lasso",8.50692494580759,0.68,613,123
"1222","Ada Lasso",8.22965402106319,0.94,3066,123
"1223","Local prior",9.26787043411689,0.92,3680,123
"1224","Non local",9.26787043411689,0.92,3680,123
"1225","Lasso mod 10000",8.38925064707949,0.7,766,123
"1226","Lasso mod 200",8.34115540955267,0.8,1314,123
"1227","Lasso mod 100",8.34115540955267,0.8,1314,123
"1228","Lasso mod 50",8.50260528644864,0.66,657,123
"1229","Naive",8.88241379226971,0.1,200,123
"1230","Oracle",8.08273204371172,1,1840,123
"1231","Lasso",7.53532854809324,0.82,1150,124
"1232","Ada Lasso",7.53532854809324,0.82,1150,124
"1233","Local prior",7.59024629228237,0.92,4600,124
"1234","Non local",8.51316744827996,0.9,6133,124
"1235","Lasso mod 10000",7.56620883603812,0.88,2628,124
"1236","Lasso mod 200",7.56620883603812,0.88,2628,124
"1237","Lasso mod 100",7.52497276189829,0.96,6133,124
"1238","Lasso mod 50",7.56620883603812,0.88,2628,124
"1239","Naive",8.12494411085638,0.1,200,124
"1240","Oracle",7.30255060537328,1,2628,124
"1241","Lasso",3.06921072586531,0.8,736,125
"1242","Ada Lasso",3.16898368238912,0.94,3680,125
"1243","Local prior",3.07463246122442,0.98,3066,125
"1244","Non local",3.07463246122442,0.98,3066,125
"1245","Lasso mod 10000",3.11605202922232,0.84,1672,125
"1246","Lasso mod 200",3.13462404087059,0.9,2628,125
"1247","Lasso mod 100",3.1585256493444,0.92,3066,125
"1248","Lasso mod 50",3.11605202922232,0.84,1672,125
"1249","Naive",3.66902441669424,0.1,200,125
"1250","Oracle",3.04063204626227,1,2300,125
"1251","Lasso",15.2457686361496,0.88,1226,126
"1252","Ada Lasso",15.5324129865618,0.94,3680,126
"1253","Local prior",15.5324129865618,0.94,3680,126
"1254","Non local",16.5392787144759,0.92,9200,126
"1255","Lasso mod 10000",16.1086978714932,0.88,2628,126
"1256","Lasso mod 200",16.1086978714932,0.88,2628,126
"1257","Lasso mod 100",16.5392787144759,0.92,9200,126
"1258","Lasso mod 50",15.3729457897627,0.9,1840,126
"1259","Naive",16.7447479979181,0.1,200,126
"1260","Oracle",15.0642809127356,1,1672,126
"1261","Lasso",25.8364388999039,0.88,2628,127
"1262","Ada Lasso",27.1112070745704,0.92,9200,127
"1263","Local prior",27.0752187362127,0.9,4600,127
"1264","Non local",27.1112070745704,0.92,9200,127
"1265","Lasso mod 10000",25.3904955144448,0.9,1415,127
"1266","Lasso mod 200",25.5804452091968,0.9,1840,127
"1267","Lasso mod 100",25.5804452091968,0.9,1840,127
"1268","Lasso mod 50",25.3904955144448,0.9,1415,127
"1269","Naive",28.0652381452219,0.1,200,127
"1270","Oracle",25.3620916182644,1,3066,127
"1271","Lasso",5.10890852472386,0.78,766,128
"1272","Ada Lasso",5.05738200398052,0.9,1226,128
"1273","Local prior",5.29930317558131,0.94,2300,128
"1274","Non local",5.29930317558131,0.94,2300,128
"1275","Lasso mod 10000",5.23950950407987,0.68,736,128
"1276","Lasso mod 200",5.23950950407987,0.68,736,128
"1277","Lasso mod 100",5.23950950407987,0.68,736,128
"1278","Lasso mod 50",5.23950950407987,0.68,736,128
"1279","Naive",5.49686551867163,0.1,200,128
"1280","Oracle",4.97580130209488,1,1533,128
"1281","Lasso",7.24533206289971,0.92,3680,129
"1282","Ada Lasso",7.32234415571883,0.9,6133,129
"1283","Local prior",7.32234415571883,0.9,6133,129
"1284","Non local",7.3627742137086,0.92,18400,129
"1285","Lasso mod 10000",7.26871024897634,0.82,1840,129
"1286","Lasso mod 200",7.26871024897634,0.82,1840,129
"1287","Lasso mod 100",7.3627742137086,0.92,18400,129
"1288","Lasso mod 50",7.26871024897634,0.82,1840,129
"1289","Naive",7.88648355069952,0.1,200,129
"1290","Oracle",7.19684977588564,1,2044,129
"1291","Lasso",25.4728082551706,0.76,800,130
"1292","Ada Lasso",25.8523361233936,0.76,736,130
"1293","Local prior",25.5734360661301,0.94,2300,130
"1294","Non local",25.6521165584564,0.96,3066,130
"1295","Lasso mod 10000",25.4723933231653,0.72,681,130
"1296","Lasso mod 200",25.0149293821647,0.82,1022,130
"1297","Lasso mod 100",24.9401562317749,0.84,1150,130
"1298","Lasso mod 50",25.0538691756338,0.78,836,130
"1299","Naive",29.1497498353155,0.1,200,130
"1300","Oracle",24.5122265326283,1,2300,130
"1301","Lasso",19.1127777124662,0.7,707,131
"1302","Ada Lasso",18.8866085890953,0.9,2300,131
"1303","Local prior",18.8866085890953,0.9,2300,131
"1304","Non local",18.8622057946704,0.94,3680,131
"1305","Lasso mod 10000",19.2752846157949,0.62,707,131
"1306","Lasso mod 200",19.2051524493893,0.66,800,131
"1307","Lasso mod 100",18.9519714829647,0.78,1226,131
"1308","Lasso mod 50",19.2752846157949,0.62,707,131
"1309","Naive",22.2451693398575,0.1,200,131
"1310","Oracle",18.6536744346242,1,1840,131
"1311","Lasso",3.75455303999171,0.88,1150,132
"1312","Ada Lasso",3.75876332358782,0.94,1672,132
"1313","Local prior",3.7368737839131,0.98,2300,132
"1314","Non local",3.86582318254783,0.96,2628,132
"1315","Lasso mod 10000",3.72538414802098,0.74,681,132
"1316","Lasso mod 200",3.75444813040641,0.82,920,132
"1317","Lasso mod 100",4.19784015732334,0.88,4600,132
"1318","Lasso mod 50",3.72122373404003,0.72,634,132
"1319","Naive",4.07957732435558,0.1,200,132
"1320","Oracle",3.70264723700354,1,2044,132
"1321","Lasso",17.9906803500973,0.88,920,133
"1322","Ada Lasso",17.9086981225234,0.9,1082,133
"1323","Local prior",17.5607675020411,0.96,1672,133
"1324","Non local",17.5607675020411,0.96,1672,133
"1325","Lasso mod 10000",18.2221391163598,0.78,681,133
"1326","Lasso mod 200",18.2221391163598,0.78,681,133
"1327","Lasso mod 100",18.0324639893937,0.84,876,133
"1328","Lasso mod 50",18.2221391163598,0.78,681,133
"1329","Naive",19.7792767756916,0.1,200,133
"1330","Oracle",17.3590105851847,1,1840,133
"1331","Lasso",14.3140268926551,0.88,2044,134
"1332","Ada Lasso",15.4374038339707,0.9,6133,134
"1333","Local prior",15.4374038339707,0.9,6133,134
"1334","Non local",15.4374038339707,0.9,6133,134
"1335","Lasso mod 10000",14.3466476206928,0.82,1840,134
"1336","Lasso mod 200",14.3031619484641,0.84,2300,134
"1337","Lasso mod 100",14.3468412077731,0.94,9200,134
"1338","Lasso mod 50",14.3466476206928,0.82,1840,134
"1339","Naive",15.8198210006648,0.1,200,134
"1340","Oracle",14.2387808028982,1,1840,134
"1341","Lasso",1.34159850203825,0.9,1672,135
"1342","Ada Lasso",1.35370241213409,0.92,3066,135
"1343","Local prior",1.3522274861569,0.94,3680,135
"1344","Non local",1.42931046095704,0.92,9200,135
"1345","Lasso mod 10000",1.33500807031024,0.82,1314,135
"1346","Lasso mod 200",1.41344741749463,0.9,3680,135
"1347","Lasso mod 100",1.41344741749463,0.9,3680,135
"1348","Lasso mod 50",1.33500807031024,0.82,1314,135
"1349","Naive",1.42260646157481,0.1,200,135
"1350","Oracle",1.29306235162765,1,2044,135
"1351","Lasso",36.8928232576986,0.74,593,136
"1352","Ada Lasso",36.7525435702373,0.9,1672,136
"1353","Local prior",36.7699829378665,0.9,1672,136
"1354","Non local",36.7699829378665,0.9,1672,136
"1355","Lasso mod 10000",37.4928754019334,0.68,707,136
"1356","Lasso mod 200",36.4933410355726,0.9,2300,136
"1357","Lasso mod 100",36.4933410355726,0.9,2300,136
"1358","Lasso mod 50",36.7251630625696,0.82,1150,136
"1359","Naive",40.3935734271336,0.1,200,136
"1360","Oracle",34.980100956158,1,2044,136
"1361","Lasso",12.5309817478954,0.84,968,137
"1362","Ada Lasso",12.7626844791767,0.94,2628,137
"1363","Local prior",12.7313935630985,0.96,3066,137
"1364","Non local",12.7313935630985,0.96,3066,137
"1365","Lasso mod 10000",12.8224943331533,0.72,836,137
"1366","Lasso mod 200",12.8224943331533,0.72,836,137
"1367","Lasso mod 100",12.7121986821973,0.82,1226,137
"1368","Lasso mod 50",12.8224943331533,0.72,836,137
"1369","Naive",15.1165083833106,0.1,200,137
"1370","Oracle",12.3951399514501,1,1672,137
"1371","Lasso",5.84371870444775,0.7,657,138
"1372","Ada Lasso",5.79978866830453,0.96,3066,138
"1373","Local prior",5.80234505163726,0.94,2628,138
"1374","Non local",6.03163168346149,0.94,6133,138
"1375","Lasso mod 10000",5.93717705539655,0.7,968,138
"1376","Lasso mod 200",5.83511743239313,0.82,2044,138
"1377","Lasso mod 100",6.05515771595754,0.84,3680,138
"1378","Lasso mod 50",5.93717705539655,0.7,968,138
"1379","Naive",6.59747222338924,0.1,200,138
"1380","Oracle",5.55968935738432,1,2044,138
"1381","Lasso",4.16820238415701,0.72,613,139
"1382","Ada Lasso",4.15057944390482,0.94,2044,139
"1383","Local prior",4.15023757615621,0.96,2628,139
"1384","Non local",4.65329848635969,0.92,18400,139
"1385","Lasso mod 10000",4.56614828499142,0.76,1840,139
"1386","Lasso mod 200",4.65329848635969,0.92,18400,139
"1387","Lasso mod 100",4.65329848635969,0.92,18400,139
"1388","Lasso mod 50",4.56421907695063,0.74,1672,139
"1389","Naive",4.57733132631937,0.1,200,139
"1390","Oracle",4.08699020996652,1,1533,139
"1391","Lasso",14.2015907593482,0.96,3680,140
"1392","Ada Lasso",14.2015907593482,0.96,3680,140
"1393","Local prior",14.2015907593482,0.96,3680,140
"1394","Non local",14.2015907593482,0.96,3680,140
"1395","Lasso mod 10000",14.1919504533964,0.88,1672,140
"1396","Lasso mod 200",14.1821184266595,0.9,1840,140
"1397","Lasso mod 100",14.1821184266595,0.9,1840,140
"1398","Lasso mod 50",14.1919504533964,0.88,1672,140
"1399","Naive",15.6864990170935,0.1,200,140
"1400","Oracle",14.1160239256529,1,2628,140
"1401","Lasso",5.68439039146147,0.88,920,141
"1402","Ada Lasso",5.81527778477088,0.94,4600,141
"1403","Local prior",5.77231436654867,0.96,3680,141
"1404","Non local",5.81527778477088,0.94,4600,141
"1405","Lasso mod 10000",5.69423655093352,0.88,1314,141
"1406","Lasso mod 200",5.69423655093352,0.88,1314,141
"1407","Lasso mod 100",5.72742962230108,0.94,2628,141
"1408","Lasso mod 50",5.69423655093352,0.88,1314,141
"1409","Naive",6.365312311065,0.1,200,141
"1410","Oracle",5.63900341709723,1,2628,141
"1411","Lasso",26.786772272657,0.76,613,142
"1412","Ada Lasso",28.2100506567254,0.9,4600,142
"1413","Local prior",28.2100506567254,0.9,4600,142
"1414","Non local",28.2100506567254,0.9,4600,142
"1415","Lasso mod 10000",26.73129994464,0.7,593,142
"1416","Lasso mod 200",26.5388367242639,0.8,1150,142
"1417","Lasso mod 100",26.5388367242639,0.8,1150,142
"1418","Lasso mod 50",26.5388367242639,0.8,1150,142
"1419","Naive",29.0222086179182,0.1,200,142
"1420","Oracle",26.5681439272191,1,1533,142
"1421","Lasso",27.4732561625782,0.92,1415,143
"1422","Ada Lasso",27.529455439154,0.92,2628,143
"1423","Local prior",27.529455439154,0.92,2628,143
"1424","Non local",27.5835124046427,0.94,4600,143
"1425","Lasso mod 10000",27.2983172912358,0.72,736,143
"1426","Lasso mod 200",27.5270773792197,0.74,1022,143
"1427","Lasso mod 100",28.7738445889181,0.88,6133,143
"1428","Lasso mod 50",27.3038695566981,0.64,575,143
"1429","Naive",30.2309319943923,0.1,200,143
"1430","Oracle",27.4688042219729,1,1840,143
"1431","Lasso",13.9387693054108,0.44,322,144
"1432","Ada Lasso",13.5674124839988,0.64,471,144
"1433","Local prior",13.3874519631288,0.82,1226,144
"1434","Non local",13.6544341682431,0.9,3680,144
"1435","Lasso mod 10000",13.719112604372,0.48,375,144
"1436","Lasso mod 200",13.2706119698424,0.68,681,144
"1437","Lasso mod 100",13.0975319164702,0.82,1672,144
"1438","Lasso mod 50",13.8997479143707,0.42,322,144
"1439","Naive",14.2960121478129,0.1,200,144
"1440","Oracle",12.6985440234267,1,1840,144
"1441","Lasso",3.21858186977165,0.8,766,145
"1442","Ada Lasso",3.23463546326182,0.84,1022,145
"1443","Local prior",3.52125974027099,0.92,2628,145
"1444","Non local",3.21082373356648,0.92,3680,145
"1445","Lasso mod 10000",3.33203822390905,0.7,707,145
"1446","Lasso mod 200",3.21761319298882,0.8,1415,145
"1447","Lasso mod 100",3.21761319298882,0.8,1415,145
"1448","Lasso mod 50",3.23572379158385,0.72,968,145
"1449","Naive",3.65749367469229,0.1,200,145
"1450","Oracle",3.14090531483558,1,1840,145
"1451","Lasso",5.6238897826786,0.84,1314,146
"1452","Ada Lasso",5.75613337365137,0.94,4600,146
"1453","Local prior",5.75613337365137,0.94,4600,146
"1454","Non local",5.75613337365137,0.94,4600,146
"1455","Lasso mod 10000",5.67513211442316,0.88,2628,146
"1456","Lasso mod 200",5.67513211442316,0.88,2628,146
"1457","Lasso mod 100",5.67513211442316,0.88,2628,146
"1458","Lasso mod 50",5.68271859823337,0.86,2044,146
"1459","Naive",5.91682117440229,0.1,200,146
"1460","Oracle",5.41263041722362,1,1672,146
"1461","Lasso",44.3848822642188,0.82,1150,147
"1462","Ada Lasso",44.1654920175362,0.94,6133,147
"1463","Local prior",44.1654920175362,0.94,6133,147
"1464","Non local",44.1654920175362,0.94,6133,147
"1465","Lasso mod 10000",46.5898240143816,0.84,3680,147
"1466","Lasso mod 200",43.9708095899517,0.86,2628,147
"1467","Lasso mod 100",47.0400511806468,0.88,6133,147
"1468","Lasso mod 50",43.8099583086997,0.82,1840,147
"1469","Naive",48.4306109679405,0.1,200,147
"1470","Oracle",44.3903546877225,1,2044,147
"1471","Lasso",15.8796452984868,0.66,541,148
"1472","Ada Lasso",15.3248705614465,0.88,1533,148
"1473","Local prior",15.4597768539058,0.92,2300,148
"1474","Non local",15.7410649372256,0.92,4600,148
"1475","Lasso mod 10000",15.4325329115609,0.78,1672,148
"1476","Lasso mod 200",15.4325329115609,0.78,1672,148
"1477","Lasso mod 100",15.5709248357155,0.8,1840,148
"1478","Lasso mod 50",15.4325329115609,0.78,1672,148
"1479","Naive",18.0082936465989,0.1,200,148
"1480","Oracle",15.0391482299696,1,1672,148
"1481","Lasso",26.6425227757185,0.82,1150,149
"1482","Ada Lasso",27.5332255249739,0.88,2300,149
"1483","Local prior",27.4045040118985,0.9,3066,149
"1484","Non local",27.7136466917144,0.94,4600,149
"1485","Lasso mod 10000",26.8543789874483,0.64,681,149
"1486","Lasso mod 200",26.7063041378547,0.82,1314,149
"1487","Lasso mod 100",26.7063041378547,0.82,1314,149
"1488","Lasso mod 50",26.8543789874483,0.64,681,149
"1489","Naive",29.8737521866497,0.1,200,149
"1490","Oracle",26.5692107785213,1,1533,149
"1491","Lasso",4.49028593807878,0.72,541,150
"1492","Ada Lasso",4.49961889736464,0.8,657,150
"1493","Local prior",5.64515346558858,0.92,2300,150
"1494","Non local",6.49142143842752,0.9,Inf,150
"1495","Lasso mod 10000",4.51533645953926,0.68,525,150
"1496","Lasso mod 200",6.49142143842752,0.9,Inf,150
"1497","Lasso mod 100",6.49142143842752,0.9,Inf,150
"1498","Lasso mod 50",4.51533645953926,0.68,525,150
"1499","Naive",5.10431587326453,0.1,200,150
"1500","Oracle",4.31466337779081,1,2044,150
"1501","Lasso",8.2745631375493,0.68,541,151
"1502","Ada Lasso",8.28556828966264,0.94,2044,151
"1503","Local prior",8.28556828966264,0.94,2044,151
"1504","Non local",8.48635797674511,0.92,2628,151
"1505","Lasso mod 10000",8.2640100132955,0.64,557,151
"1506","Lasso mod 200",8.18354293453993,0.76,736,151
"1507","Lasso mod 100",8.34245497289125,0.74,876,151
"1508","Lasso mod 50",8.2640100132955,0.64,557,151
"1509","Naive",8.98227629528083,0.1,200,151
"1510","Oracle",8.06933241032139,1,1672,151
"1511","Lasso",6.75287279066683,0.94,2300,152
"1512","Ada Lasso",6.91978753309814,0.92,3680,152
"1513","Local prior",6.92668395621466,0.94,6133,152
"1514","Non local",7.10858834901667,0.9,4600,152
"1515","Lasso mod 10000",6.70525918281969,0.88,3066,152
"1516","Lasso mod 200",6.70525918281969,0.88,3066,152
"1517","Lasso mod 100",6.73859837935585,0.9,3680,152
"1518","Lasso mod 50",6.71080178309208,0.86,2628,152
"1519","Naive",6.77118099301666,0.1,200,152
"1520","Oracle",6.22817263955182,1,1840,152
"1521","Lasso",8.60769172779067,0.8,968,153
"1522","Ada Lasso",9.02176182544748,0.88,2628,153
"1523","Local prior",9.03436820568408,0.9,4600,153
"1524","Non local",9.61187440716407,0.88,9200,153
"1525","Lasso mod 10000",9.19824245986078,0.72,1150,153
"1526","Lasso mod 200",9.19824245986078,0.72,1150,153
"1527","Lasso mod 100",9.64149116323922,0.82,3680,153
"1528","Lasso mod 50",9.19824245986078,0.72,1150,153
"1529","Naive",9.79335749253623,0.1,200,153
"1530","Oracle",7.77854582908717,1,1672,153
"1531","Lasso",10.6592670542332,0.76,613,154
"1532","Ada Lasso",10.5892510823824,0.88,876,154
"1533","Local prior",10.5499420571742,0.94,1150,154
"1534","Non local",11.0618238459242,0.9,1533,154
"1535","Lasso mod 10000",10.6037733483404,0.72,634,154
"1536","Lasso mod 200",10.6067176666432,0.86,920,154
"1537","Lasso mod 100",10.5891172424856,0.88,1022,154
"1538","Lasso mod 50",10.691294941562,0.7,557,154
"1539","Naive",11.4875530907784,0.1,200,154
"1540","Oracle",10.5333177211291,1,2044,154
"1541","Lasso",15.3078178603458,0.88,1533,155
"1542","Ada Lasso",15.156166925462,0.92,3066,155
"1543","Local prior",15.130326904604,0.94,6133,155
"1544","Non local",15.130326904604,0.94,6133,155
"1545","Lasso mod 10000",15.1676685221425,0.88,3066,155
"1546","Lasso mod 200",15.1676685221425,0.88,3066,155
"1547","Lasso mod 100",15.130326904604,0.94,6133,155
"1548","Lasso mod 50",15.1676685221425,0.88,3066,155
"1549","Naive",16.1851169939486,0.1,200,155
"1550","Oracle",14.7579047468258,1,1672,155
"1551","Lasso",17.2325550634773,0.92,2300,156
"1552","Ada Lasso",17.9347704380814,0.94,6133,156
"1553","Local prior",17.9347704380814,0.94,6133,156
"1554","Non local",17.9347704380814,0.94,6133,156
"1555","Lasso mod 10000",17.4288359017599,0.8,1672,156
"1556","Lasso mod 200",17.4248696030782,0.82,2044,156
"1557","Lasso mod 100",17.4248696030782,0.82,2044,156
"1558","Lasso mod 50",17.4288359017599,0.8,1672,156
"1559","Naive",18.7139143004717,0.1,200,156
"1560","Oracle",16.3447504662252,1,2044,156
"1561","Lasso",9.55573478406219,0.84,1150,157
"1562","Ada Lasso",9.4649853501392,0.94,2044,157
"1563","Local prior",9.39823044261538,0.94,4600,157
"1564","Non local",9.61799354683874,0.9,4600,157
"1565","Lasso mod 10000",9.56105106473062,0.78,1226,157
"1566","Lasso mod 200",9.56105106473062,0.78,1226,157
"1567","Lasso mod 100",9.86318026679467,0.9,9200,157
"1568","Lasso mod 50",9.56105106473062,0.78,1226,157
"1569","Naive",10.7450819895649,0.1,200,157
"1570","Oracle",9.2995561172458,1,1672,157
"1571","Lasso",7.32471773493568,0.84,1022,158
"1572","Ada Lasso",7.454858405249,0.9,2044,158
"1573","Local prior",7.5070087314187,0.9,3066,158
"1574","Non local",7.92686079467693,0.9,9200,158
"1575","Lasso mod 10000",7.5695679273853,0.74,968,158
"1576","Lasso mod 200",7.83435094389757,0.9,4600,158
"1577","Lasso mod 100",7.83435094389757,0.9,4600,158
"1578","Lasso mod 50",7.5695679273853,0.74,968,158
"1579","Naive",8.15629079827525,0.1,200,158
"1580","Oracle",7.28043283224803,1,2044,158
"1581","Lasso",9.84894953605501,0.8,1022,159
"1582","Ada Lasso",9.60117841147595,0.92,6133,159
"1583","Local prior",9.718689638416,0.94,4600,159
"1584","Non local",9.60117841147595,0.92,6133,159
"1585","Lasso mod 10000",9.68848067510734,0.78,876,159
"1586","Lasso mod 200",9.63637906635764,0.86,1314,159
"1587","Lasso mod 100",9.63637906635764,0.86,1314,159
"1588","Lasso mod 50",9.68848067510734,0.78,876,159
"1589","Naive",11.3425906894827,0.1,200,159
"1590","Oracle",9.50889279393146,1,2044,159
"1591","Lasso",2.48039006424894,0.72,707,160
"1592","Ada Lasso",2.47397928928331,0.9,3066,160
"1593","Local prior",2.47704060208113,0.92,3680,160
"1594","Non local",2.54176333460412,0.9,4600,160
"1595","Lasso mod 10000",2.48403859209774,0.76,1150,160
"1596","Lasso mod 200",2.46981059840302,0.86,2044,160
"1597","Lasso mod 100",2.47397928928331,0.9,3066,160
"1598","Lasso mod 50",2.48403859209774,0.76,1150,160
"1599","Naive",2.76217741290318,0.1,200,160
"1600","Oracle",2.43796688018959,1,2300,160
"1601","Lasso",14.0213150680371,0.8,557,161
"1602","Ada Lasso",14.5194325675878,0.92,1415,161
"1603","Local prior",14.4585750872778,0.96,1415,161
"1604","Non local",18.023142140861,0.88,9200,161
"1605","Lasso mod 10000",14.9917296726874,0.84,1415,161
"1606","Lasso mod 200",14.9917296726874,0.84,1415,161
"1607","Lasso mod 100",14.9917296726874,0.84,1415,161
"1608","Lasso mod 50",14.9685797313546,0.82,1314,161
"1609","Naive",16.1248428280582,0.1,200,161
"1610","Oracle",13.7012684835637,1,1314,161
"1611","Lasso",6.92858083345679,0.88,968,162
"1612","Ada Lasso",6.90373544683455,0.94,4600,162
"1613","Local prior",7.28832807762867,0.9,6133,162
"1614","Non local",7.15433107188271,0.94,4600,162
"1615","Lasso mod 10000",6.9221926599798,0.86,1533,162
"1616","Lasso mod 200",7.28872626872373,0.88,3066,162
"1617","Lasso mod 100",7.2831289137228,0.9,3680,162
"1618","Lasso mod 50",6.9221926599798,0.86,1533,162
"1619","Naive",8.45532909951261,0.1,200,162
"1620","Oracle",6.77091896437772,1,1840,162
"1621","Lasso",2.65754446497046,0.74,766,163
"1622","Ada Lasso",2.64674038647311,0.86,1150,163
"1623","Local prior",2.64161901696482,0.92,2300,163
"1624","Non local",2.8681536500925,0.92,18400,163
"1625","Lasso mod 10000",2.6730297473748,0.7,707,163
"1626","Lasso mod 200",2.85183326201494,0.86,4600,163
"1627","Lasso mod 100",2.85183326201494,0.86,4600,163
"1628","Lasso mod 50",2.6730297473748,0.7,707,163
"1629","Naive",3.03228498086241,0.1,200,163
"1630","Oracle",2.61733985644011,1,2044,163
"1631","Lasso",14.9699210109558,0.7,557,164
"1632","Ada Lasso",15.3733776894623,0.88,1533,164
"1633","Local prior",15.2975148660358,0.9,1840,164
"1634","Non local",15.9335457552609,0.92,9200,164
"1635","Lasso mod 10000",15.4982090674113,0.56,460,164
"1636","Lasso mod 200",16.8311506089067,0.74,1672,164
"1637","Lasso mod 100",16.7060856526593,0.76,2044,164
"1638","Lasso mod 50",15.2080259205966,0.64,557,164
"1639","Naive",16.5727735948392,0.1,200,164
"1640","Oracle",14.5920977926144,1,1533,164
"1641","Lasso",28.2821689528833,0.9,1082,165
"1642","Ada Lasso",28.4585674675048,0.94,2300,165
"1643","Local prior",29.3254696777839,0.92,2628,165
"1644","Non local",29.1333270806929,0.94,4600,165
"1645","Lasso mod 10000",28.6485618680466,0.8,920,165
"1646","Lasso mod 200",28.2993349763397,0.86,1533,165
"1647","Lasso mod 100",28.2993349763397,0.86,1533,165
"1648","Lasso mod 50",28.3287708154435,0.86,1150,165
"1649","Naive",33.1640812593069,0.1,200,165
"1650","Oracle",27.825737857393,1,1840,165
"1651","Lasso",12.618366269534,0.88,2300,166
"1652","Ada Lasso",12.7567110148837,0.94,6133,166
"1653","Local prior",12.7497692654647,0.92,3680,166
"1654","Non local",12.7567110148837,0.94,6133,166
"1655","Lasso mod 10000",12.5976912302376,0.66,876,166
"1656","Lasso mod 200",12.7065354476715,0.84,2300,166
"1657","Lasso mod 100",12.7065354476715,0.84,2300,166
"1658","Lasso mod 50",12.6356169373257,0.64,836,166
"1659","Naive",13.8510979615251,0.1,200,166
"1660","Oracle",12.0744679101448,1,2044,166
"1661","Lasso",12.8275593390928,0.84,920,167
"1662","Ada Lasso",12.7088282647273,0.94,2300,167
"1663","Local prior",13.0725760206785,0.92,2628,167
"1664","Non local",12.8244512709538,0.94,6133,167
"1665","Lasso mod 10000",12.7208318035176,0.94,2300,167
"1666","Lasso mod 200",12.7280489823533,0.96,2628,167
"1667","Lasso mod 100",12.8240878302012,0.94,3680,167
"1668","Lasso mod 50",12.7741837600641,0.88,1672,167
"1669","Naive",14.9416129519458,0.1,200,167
"1670","Oracle",12.6551189491588,1,2300,167
"1671","Lasso",3.38674104033571,0.72,681,168
"1672","Ada Lasso",3.52015565093035,0.94,4600,168
"1673","Local prior",3.50542432780005,0.9,6133,168
"1674","Non local",3.52015565093035,0.94,4600,168
"1675","Lasso mod 10000",3.36858999843397,0.74,876,168
"1676","Lasso mod 200",3.52209993237358,0.88,3680,168
"1677","Lasso mod 100",3.50542432780005,0.9,6133,168
"1678","Lasso mod 50",3.37147986715263,0.78,1314,168
"1679","Naive",4.05516928640056,0.1,200,168
"1680","Oracle",3.25583871324457,1,2628,168
"1681","Lasso",8.43233085021489,0.66,460,169
"1682","Ada Lasso",8.32721914858162,0.96,2044,169
"1683","Local prior",11.9807882379157,0.92,3680,169
"1684","Non local",9.2361808347464,0.9,2300,169
"1685","Lasso mod 10000",8.89177497043975,0.9,1840,169
"1686","Lasso mod 200",8.91366551858409,0.92,2044,169
"1687","Lasso mod 100",8.84848071890611,0.92,2628,169
"1688","Lasso mod 50",8.91366551858409,0.92,2044,169
"1689","Naive",9.83911870113842,0.1,200,169
"1690","Oracle",8.3921377157099,1,2044,169
"1691","Lasso",10.4808465581927,0.8,800,170
"1692","Ada Lasso",10.3649437831926,0.92,1840,170
"1693","Local prior",10.6953849354327,0.92,2300,170
"1694","Non local",11.0531566930654,0.9,3066,170
"1695","Lasso mod 10000",10.5186779194018,0.8,968,170
"1696","Lasso mod 200",10.4106004803436,0.86,1314,170
"1697","Lasso mod 100",10.4106004803436,0.86,1314,170
"1698","Lasso mod 50",10.4106004803436,0.86,1314,170
"1699","Naive",11.6870226557586,0.1,200,170
"1700","Oracle",10.3441275549094,1,2628,170
"1701","Lasso",12.6053295563435,0.78,836,171
"1702","Ada Lasso",12.5624352795691,0.94,3066,171
"1703","Local prior",12.4041794222457,0.96,2628,171
"1704","Non local",12.4041794222457,0.96,2628,171
"1705","Lasso mod 10000",13.0474586747186,0.64,557,171
"1706","Lasso mod 200",14.7291230037739,0.88,18400,171
"1707","Lasso mod 100",14.7291230037739,0.88,18400,171
"1708","Lasso mod 50",13.0474586747186,0.64,557,171
"1709","Naive",14.3507218922943,0.1,200,171
"1710","Oracle",12.2937706062098,1,1840,171
"1711","Lasso",2.79976896711816,0.8,657,172
"1712","Ada Lasso",2.78920656446112,0.96,2044,172
"1713","Local prior",2.80129577489749,0.94,2300,172
"1714","Non local",2.79171157616611,0.96,3066,172
"1715","Lasso mod 10000",2.93770085017181,0.5,400,172
"1716","Lasso mod 200",3.89502235785764,0.9,Inf,172
"1717","Lasso mod 100",3.89502235785764,0.9,Inf,172
"1718","Lasso mod 50",2.93455575349273,0.48,375,172
"1719","Naive",3.15130466272949,0.1,200,172
"1720","Oracle",2.78351948733232,1,2300,172
"1721","Lasso",15.6063323250432,0.9,1082,173
"1722","Ada Lasso",15.4930104834765,0.98,2300,173
"1723","Local prior",15.4930104834765,0.98,2300,173
"1724","Non local",17.0429273092049,0.9,6133,173
"1725","Lasso mod 10000",15.7343918567672,0.86,1840,173
"1726","Lasso mod 200",15.7343918567672,0.86,1840,173
"1727","Lasso mod 100",15.7343918567672,0.86,1840,173
"1728","Lasso mod 50",15.67649050223,0.82,1150,173
"1729","Naive",17.0033811503327,0.1,200,173
"1730","Oracle",15.4863654606177,1,2044,173
"1731","Lasso",6.84257527798654,0.54,375,174
"1732","Ada Lasso",6.55726064817365,0.84,1314,174
"1733","Local prior",6.55879029652127,0.9,3066,174
"1734","Non local",6.55879029652127,0.9,3066,174
"1735","Lasso mod 10000",6.11230303576488,0.8,920,174
"1736","Lasso mod 200",6.46068565256826,0.92,3066,174
"1737","Lasso mod 100",6.46068565256826,0.92,3066,174
"1738","Lasso mod 50",6.13689245112557,0.76,736,174
"1739","Naive",6.91809730076933,0.1,200,174
"1740","Oracle",6.08873023168528,1,2628,174
"1741","Lasso",18.0614151432554,0.92,1150,175
"1742","Ada Lasso",18.875479634871,0.96,2044,175
"1743","Local prior",19.9525954727411,0.96,2628,175
"1744","Non local",20.5876255245601,0.94,4600,175
"1745","Lasso mod 10000",20.1449463208138,0.92,3680,175
"1746","Lasso mod 200",20.1449463208138,0.92,3680,175
"1747","Lasso mod 100",20.1403130017862,0.94,4600,175
"1748","Lasso mod 50",20.1449463208138,0.92,3680,175
"1749","Naive",20.1470954387263,0.1,200,175
"1750","Oracle",18.0076358581126,1,2044,175
"1751","Lasso",2.73678340537005,0.4,296,176
"1752","Ada Lasso",2.86669878773978,0.92,9200,176
"1753","Local prior",2.7203955136584,0.92,3066,176
"1754","Non local",2.86669878773978,0.92,9200,176
"1755","Lasso mod 10000",2.65849577269115,0.78,1226,176
"1756","Lasso mod 200",2.69333618507121,0.86,2628,176
"1757","Lasso mod 100",2.69333618507121,0.86,2628,176
"1758","Lasso mod 50",2.67482582292168,0.8,1314,176
"1759","Naive",2.84536271091939,0.1,200,176
"1760","Oracle",2.39008919880798,1,2628,176
"1761","Lasso",10.1684450028941,0.88,1314,177
"1762","Ada Lasso",10.1820676321995,0.9,1672,177
"1763","Local prior",10.2903425419522,0.96,2628,177
"1764","Non local",11.7146516588096,0.92,2628,177
"1765","Lasso mod 10000",10.0626918868914,0.8,1022,177
"1766","Lasso mod 200",10.0858370718492,0.82,1082,177
"1767","Lasso mod 100",10.0858370718492,0.82,1082,177
"1768","Lasso mod 50",10.155723889632,0.58,460,177
"1769","Naive",11.3776075189245,0.1,200,177
"1770","Oracle",9.85804122801829,1,1840,177
"1771","Lasso",8.16366072722908,0.74,766,178
"1772","Ada Lasso",8.41661425371949,0.94,3680,178
"1773","Local prior",8.40896645036405,0.9,2300,178
"1774","Non local",8.41661425371949,0.94,3680,178
"1775","Lasso mod 10000",8.19529588863563,0.7,876,178
"1776","Lasso mod 200",9.01225925332613,0.68,1022,178
"1777","Lasso mod 100",9.01326883588857,0.84,2300,178
"1778","Lasso mod 50",8.1192822360692,0.7,766,178
"1779","Naive",8.83210518436172,0.1,200,178
"1780","Oracle",8.0433022159044,1,1840,178
"1781","Lasso",10.07935354138,0.98,1840,179
"1782","Ada Lasso",10.1711145920085,0.98,2300,179
"1783","Local prior",10.1711145920085,0.98,2300,179
"1784","Non local",11.1522558900034,0.94,6133,179
"1785","Lasso mod 10000",10.2697130957493,0.78,1022,179
"1786","Lasso mod 200",10.1498428379871,0.86,1533,179
"1787","Lasso mod 100",10.1498428379871,0.86,1533,179
"1788","Lasso mod 50",10.2714756312811,0.8,1150,179
"1789","Naive",11.165382274423,0.1,200,179
"1790","Oracle",10.0900006717583,1,2044,179
"1791","Lasso",15.7964105560788,0.82,968,180
"1792","Ada Lasso",16.5364228531135,0.92,3066,180
"1793","Local prior",16.3978759556223,0.9,2628,180
"1794","Non local",16.5712888274714,0.94,4600,180
"1795","Lasso mod 10000",15.861254669135,0.74,1022,180
"1796","Lasso mod 200",15.7975710197892,0.74,1022,180
"1797","Lasso mod 100",15.5527245927386,0.82,1415,180
"1798","Lasso mod 50",15.861254669135,0.74,1022,180
"1799","Naive",19.9298818330969,0.1,200,180
"1800","Oracle",15.3666164596895,1,2300,180
"1801","Lasso",3.98197897164798,0.82,876,181
"1802","Ada Lasso",3.94808855465422,0.94,2044,181
"1803","Local prior",3.94089879388507,0.96,2300,181
"1804","Non local",5.05871649043611,0.88,18400,181
"1805","Lasso mod 10000",3.97926834888007,0.68,657,181
"1806","Lasso mod 200",4.39990506511152,0.9,4600,181
"1807","Lasso mod 100",4.50470341765573,0.9,9200,181
"1808","Lasso mod 50",3.97926834888007,0.68,657,181
"1809","Naive",4.57829587538683,0.1,200,181
"1810","Oracle",3.9277076415882,1,2300,181
"1811","Lasso",12.9453987118916,0.94,1672,182
"1812","Ada Lasso",12.9453987118916,0.94,1672,182
"1813","Local prior",14.2317048999258,0.94,2628,182
"1814","Non local",14.2317048999258,0.94,2628,182
"1815","Lasso mod 10000",12.9671887836291,0.92,1533,182
"1816","Lasso mod 200",14.2577846224271,0.9,2044,182
"1817","Lasso mod 100",14.2577846224271,0.9,2044,182
"1818","Lasso mod 50",14.2577846224271,0.9,2044,182
"1819","Naive",14.556486557162,0.1,200,182
"1820","Oracle",12.8817667763015,1,1840,182
"1821","Lasso",9.94013927997761,0.78,968,183
"1822","Ada Lasso",10.0385710700834,0.94,4600,183
"1823","Local prior",10.0385710700834,0.94,4600,183
"1824","Non local",10.0385710700834,0.94,4600,183
"1825","Lasso mod 10000",10.0708135006031,0.8,1314,183
"1826","Lasso mod 200",9.99901843869007,0.84,1840,183
"1827","Lasso mod 100",9.99901843869007,0.84,1840,183
"1828","Lasso mod 50",10.0708135006031,0.8,1314,183
"1829","Naive",10.4796589592354,0.1,200,183
"1830","Oracle",9.39286629327507,1,2044,183
"1831","Lasso",6.17937507548444,0.56,484,184
"1832","Ada Lasso",6.14803076017882,0.82,1314,184
"1833","Local prior",6.11031658829255,0.86,1533,184
"1834","Non local",6.89332639528084,0.92,9200,184
"1835","Lasso mod 10000",5.8798514144532,0.54,438,184
"1836","Lasso mod 200",5.75210173612984,0.82,1150,184
"1837","Lasso mod 100",5.75210173612984,0.82,1150,184
"1838","Lasso mod 50",5.8798514144532,0.54,438,184
"1839","Naive",5.95299807461196,0.1,200,184
"1840","Oracle",5.53434874554202,1,2628,184
"1841","Lasso",8.92397656356754,0.84,1082,185
"1842","Ada Lasso",8.97816975558353,0.94,6133,185
"1843","Local prior",8.70159464922719,0.92,4600,185
"1844","Non local",8.97816975558353,0.94,6133,185
"1845","Lasso mod 10000",8.12329728804464,0.88,1840,185
"1846","Lasso mod 200",8.94666744879404,0.9,3680,185
"1847","Lasso mod 100",8.94666744879404,0.9,3680,185
"1848","Lasso mod 50",8.31407004132092,0.86,2044,185
"1849","Naive",9.09879762152455,0.1,200,185
"1850","Oracle",8.03717297531416,1,2300,185
"1851","Lasso",15.8767188971254,0.8,920,186
"1852","Ada Lasso",16.1636706214522,0.92,2044,186
"1853","Local prior",17.5777286929072,0.9,2300,186
"1854","Non local",17.5777286929072,0.9,2300,186
"1855","Lasso mod 10000",15.8471036306532,0.76,836,186
"1856","Lasso mod 200",16.9057863489897,0.88,2628,186
"1857","Lasso mod 100",17.4522116957028,0.92,4600,186
"1858","Lasso mod 50",15.8537324557438,0.72,707,186
"1859","Naive",18.1673249068045,0.1,200,186
"1860","Oracle",14.8688677174873,1,1840,186
"1861","Lasso",13.1703653225489,0.86,1533,187
"1862","Ada Lasso",13.6279199020781,0.9,4600,187
"1863","Local prior",14.2333897736455,0.9,9200,187
"1864","Non local",14.2333897736455,0.9,9200,187
"1865","Lasso mod 10000",13.5068121884292,0.84,2628,187
"1866","Lasso mod 200",13.5068121884292,0.84,2628,187
"1867","Lasso mod 100",13.5068121884292,0.84,2628,187
"1868","Lasso mod 50",13.5068121884292,0.84,2628,187
"1869","Naive",14.9073836015969,0.1,200,187
"1870","Oracle",12.8946319086645,1,2044,187
"1871","Lasso",14.5065184196049,0.84,1533,188
"1872","Ada Lasso",14.8687288008837,0.94,9200,188
"1873","Local prior",14.8687288008837,0.94,9200,188
"1874","Non local",15.3925976087605,0.9,9200,188
"1875","Lasso mod 10000",14.8859732124269,0.9,4600,188
"1876","Lasso mod 200",14.8859732124269,0.9,4600,188
"1877","Lasso mod 100",14.8687288008837,0.94,9200,188
"1878","Lasso mod 50",14.8859732124269,0.9,4600,188
"1879","Naive",16.9348822617254,0.1,200,188
"1880","Oracle",13.807898654661,1,2044,188
"1881","Lasso",14.1835165759178,0.7,593,189
"1882","Ada Lasso",14.1136030233965,0.76,766,189
"1883","Local prior",13.9568561438619,0.92,2628,189
"1884","Non local",15.2779035635257,0.9,2628,189
"1885","Lasso mod 10000",13.9281461805108,0.76,1022,189
"1886","Lasso mod 200",14.0386758052018,0.82,1533,189
"1887","Lasso mod 100",14.0386758052018,0.82,1533,189
"1888","Lasso mod 50",13.8998417179716,0.78,1150,189
"1889","Naive",15.7510548356686,0.1,200,189
"1890","Oracle",13.5395348951576,1,3066,189
"1891","Lasso",33.3709583869169,0.86,968,190
"1892","Ada Lasso",33.4995561492904,0.9,2628,190
"1893","Local prior",33.4995561492904,0.9,2628,190
"1894","Non local",33.4201740494275,0.94,4600,190
"1895","Lasso mod 10000",33.3562043952805,0.78,1082,190
"1896","Lasso mod 200",34.4977839352127,0.86,3066,190
"1897","Lasso mod 100",34.4977839352127,0.86,3066,190
"1898","Lasso mod 50",33.3562043952805,0.78,1082,190
"1899","Naive",35.8366486861204,0.1,200,190
"1900","Oracle",33.1672035149616,1,2044,190
"1901","Lasso",2.91156883401716,0.82,1533,191
"1902","Ada Lasso",2.91397137892612,0.92,18400,191
"1903","Local prior",2.91330631691616,0.88,4600,191
"1904","Non local",2.91397137892612,0.92,18400,191
"1905","Lasso mod 10000",2.92329051131218,0.78,2044,191
"1906","Lasso mod 200",2.9220233015101,0.88,6133,191
"1907","Lasso mod 100",2.91629937035467,0.9,9200,191
"1908","Lasso mod 50",2.92868672812517,0.68,1150,191
"1909","Naive",3.26262032570881,0.1,200,191
"1910","Oracle",2.84749573446447,1,2300,191
"1911","Lasso",11.4267447577186,0.64,427,192
"1912","Ada Lasso",11.6743108484298,0.9,1226,192
"1913","Local prior",11.804322774258,0.92,1533,192
"1914","Non local",11.7725881676109,0.92,2044,192
"1915","Lasso mod 10000",11.4491565329161,0.62,438,192
"1916","Lasso mod 200",11.6784891358938,0.64,736,192
"1917","Lasso mod 100",12.1178231524546,0.72,1314,192
"1918","Lasso mod 50",11.4491565329161,0.62,438,192
"1919","Naive",12.7743774175814,0.1,200,192
"1920","Oracle",10.9372205874129,1,1314,192
"1921","Lasso",7.67074106082728,0.74,575,193
"1922","Ada Lasso",7.58224732192805,0.84,920,193
"1923","Local prior",8.20641827593286,0.92,3680,193
"1924","Non local",7.56844209445538,0.96,3680,193
"1925","Lasso mod 10000",7.53721135641756,0.82,1150,193
"1926","Lasso mod 200",7.52165482769795,0.84,1226,193
"1927","Lasso mod 100",7.52165482769795,0.84,1226,193
"1928","Lasso mod 50",7.54796134212007,0.8,920,193
"1929","Naive",8.57609668365924,0.1,200,193
"1930","Oracle",7.42250302350503,1,2628,193
"1931","Lasso",5.91593812941456,0.8,736,194
"1932","Ada Lasso",5.94835590097617,0.9,1415,194
"1933","Local prior",5.98219645958257,0.94,2300,194
"1934","Non local",7.95352455913879,0.9,4600,194
"1935","Lasso mod 10000",5.90132623065717,0.8,1082,194
"1936","Lasso mod 200",5.90132623065717,0.8,1082,194
"1937","Lasso mod 100",5.90132623065717,0.8,1082,194
"1938","Lasso mod 50",5.89942864073238,0.78,1022,194
"1939","Naive",6.61876334082358,0.1,200,194
"1940","Oracle",5.84599641963438,1,1840,194
"1941","Lasso",2.30863941037562,0.7,525,195
"1942","Ada Lasso",2.39156096787567,0.88,1840,195
"1943","Local prior",2.42205756056075,0.94,2628,195
"1944","Non local",2.28306230519777,0.98,2628,195
"1945","Lasso mod 10000",2.30050443919304,0.72,634,195
"1946","Lasso mod 200",2.37536856594738,0.82,1150,195
"1947","Lasso mod 100",2.64824193761465,0.88,3680,195
"1948","Lasso mod 50",2.2996356219646,0.7,613,195
"1949","Naive",2.66177800146396,0.1,200,195
"1950","Oracle",2.19250683274861,1,2300,195
"1951","Lasso",4.76469182646404,0.86,1022,196
"1952","Ada Lasso",4.78182495158598,0.84,876,196
"1953","Local prior",4.79919532895644,0.94,2300,196
"1954","Non local",4.78306754734513,0.96,3066,196
"1955","Lasso mod 10000",4.76046242634978,0.84,1022,196
"1956","Lasso mod 200",4.76046242634978,0.84,1022,196
"1957","Lasso mod 100",4.79232333512281,0.88,1533,196
"1958","Lasso mod 50",4.76046242634978,0.84,1022,196
"1959","Naive",5.456383679269,0.1,200,196
"1960","Oracle",4.63036345750379,1,2044,196
"1961","Lasso",10.9165944446185,0.68,557,197
"1962","Ada Lasso",10.7749655593896,0.82,920,197
"1963","Local prior",10.7814089657339,0.94,2628,197
"1964","Non local",10.8015803638299,0.96,3066,197
"1965","Lasso mod 10000",10.7471376002423,0.7,736,197
"1966","Lasso mod 200",10.7553781803547,0.78,968,197
"1967","Lasso mod 100",10.7553781803547,0.78,968,197
"1968","Lasso mod 50",10.7471376002423,0.7,736,197
"1969","Naive",11.5383349627092,0.1,200,197
"1970","Oracle",10.2920476985088,1,2044,197
"1971","Lasso",1.77514067364884,0.9,2300,198
"1972","Ada Lasso",1.77180655247176,0.94,3680,198
"1973","Local prior",1.85834752091069,0.9,3066,198
"1974","Non local",2.19064100563563,0.92,18400,198
"1975","Lasso mod 10000",1.76721373209733,0.9,2628,198
"1976","Lasso mod 200",1.7733815011991,0.92,3066,198
"1977","Lasso mod 100",1.7733815011991,0.92,3066,198
"1978","Lasso mod 50",1.7733815011991,0.92,3066,198
"1979","Naive",1.93067538148607,0.1,200,198
"1980","Oracle",1.70004490382303,1,2300,198
"1981","Lasso",4.77785752957131,0.64,541,199
"1982","Ada Lasso",4.76542863667483,0.74,657,199
"1983","Local prior",4.75955078585773,0.86,1672,199
"1984","Non local",4.71745829080001,0.9,3066,199
"1985","Lasso mod 10000",4.7758374642914,0.68,707,199
"1986","Lasso mod 200",4.73381819070353,0.78,1226,199
"1987","Lasso mod 100",4.67581734154853,0.82,1415,199
"1988","Lasso mod 50",4.7758374642914,0.68,707,199
"1989","Naive",5.35382916974929,0.1,200,199
"1990","Oracle",4.3726211837799,1,2300,199
"1991","Lasso",26.2235903122172,0.86,2044,200
"1992","Ada Lasso",27.8717308448365,0.92,18400,200
"1993","Local prior",27.8409162899602,0.9,6133,200
"1994","Non local",27.8717308448365,0.92,18400,200
"1995","Lasso mod 10000",26.229171325876,0.9,3066,200
"1996","Lasso mod 200",26.229171325876,0.9,3066,200
"1997","Lasso mod 100",26.1965272124128,0.92,6133,200
"1998","Lasso mod 50",26.229171325876,0.9,3066,200
"1999","Naive",30.4942090729022,0.1,200,200
"2000","Oracle",26.1774566241577,1,2300,200
